surveyid,femaleres,treat,spillover,purecontrol,control_village,b_age,b_married,b_children,b_hhsize,b_edu,cons_nondurable_ppp1
106540326,0,0,1,0,0,71,0,3,5,17,162.77527
106769148,1,1,0,0,0,40,1,4,6,7,201.28268
106799419,1,0,1,0,0,27,1,3,5,9,93.163521
106854772,0,0,1,0,0,24,1,2,4,12,56.064472
106979214,1,1,0,0,0,60,0,0,1,6,65.765976
107079236,1,0,1,0,0,26,1,5,7,9,0
107370591,0,0,1,0,0,22,0,3,7,8,180.21104
107457653,0,0,1,0,0,56,0,2,5,8,147.23465
107470581,0,0,1,0,0,52,1,1,4,8,217.7442
107470595,1,1,0,0,0,41,1,4,6,8,178.01654
107646122,0,1,0,0,0,41,1,6,8,10,254.07813
107738890,0,0,1,0,0,38,1,5,7,9,184.40744
107738895,1,0,1,0,0,46,0,0,1,12,160.46637
107750430,0,0,1,0,0,26,1,6,8,4,173.90709
107756208,0,1,0,0,0,30,1,4,6,10,550.92834
107785019,1,1,0,0,0,22,1,3,5,8,97.231606
108054731,0,1,0,0,0,28,1,4,6,10,215.99396
108057627,0,1,0,0,0,21,1,3,5,3,135.28679
108066285,0,1,0,0,0,49,1,3,5,9,88.407135
108069120,0,1,0,0,0,32,1,5,8,9,195.25406
108159052,1,0,1,0,0,35,1,6,8,12,78.560921
108259061,0,0,1,0,0,45,1,4,4,9,77.018684
108284973,1,1,0,0,0,29,1,5,7,8,101.06576
108364854,1,0,1,0,0,61,1,0,2,4,39.891617
108674937,0,1,0,0,0,23,1,1,2,10,437.13913
108696510,0,0,1,0,0,19,1,0,2,7,0
108795079,1,0,1,0,0,26,1,4,6,7,133.06294
108795095,1,1,0,0,0,28,1,4,6,8,189.72992
116680650,0,0,1,0,0,22,1,2,4,11,228.41922
116696515,1,0,1,0,0,19,1,1,3,13,131.2021
116738900,0,1,0,0,0,28,1,2,4,7,116.64718
116759059,0,1,0,0,0,26,1,3,5,8,183.95216
116769131,1,1,0,0,0,22,1,4,6,8,0
116774897,1,0,1,0,0,45,0,0,1,9,161.21565
116846096,1,1,0,0,0,26,1,3,5,10,90.503242
116947560,0,0,1,0,0,33,0,4,5,10,192.71677
116966284,0,1,0,0,0,33,0,4,5,8,152.66042
116970607,0,0,1,0,0,28,0,2,3,10,0
117079216,0,1,0,0,0,19,1,3,7,11,420.43204
117140350,0,1,0,0,0,35,1,0,2,7,0
117260505,0,1,0,0,0,65,0,1,2,1,75.774818
117438900,0,0,1,0,0,47,1,1,3,12,0
117476357,1,0,1,0,0,59,0,4,6,10,230.38683
117479231,0,0,1,0,0,18,1,2,3,10,102.02935
117740368,1,1,0,0,0,26,1,1,3,8,372.40466
117757620,1,1,0,0,0,32,0,4,5,10,143.20563
117757650,1,0,1,0,0,32,1,4,6,8,99.935905
117760496,1,0,1,0,0,41,1,4,7,10,252.32254
117769133,0,0,1,0,0,25,1,3,5,10,82.696884
118054731,0,0,1,0,0,47,0,1,2,6,172.36311
118080696,1,1,0,0,0,32,1,4,6,9,235.71574
126574919,0,0,1,0,0,49,1,6,9,10,81.642166
126579243,1,1,0,0,0,46,1,2,5,7,438.00854
126648960,0,1,0,0,0,28,0,3,4,7,193.42754
126664836,1,0,1,0,0,24,1,2,4,10,175.10519
126666290,1,0,1,0,0,23,1,3,5,10,137.22237
126670560,0,0,1,0,0,22,1,3,5,9,0
126750457,1,1,0,0,0,23,1,2,4,7,234.67664
126751863,1,1,0,0,0,20,1,3,5,16,242.68434
126766272,1,0,1,0,0,28,1,4,6,9,167.69617
126838932,1,1,0,0,0,80,0,2,4,1,50.635262
127069128,1,1,0,0,0,24,1,1,3,12,72.664398
127240356,1,1,0,0,0,26,1,4,6,12,313.44366
127386459,1,0,1,0,0,18,1,2,3,11,0
127447548,0,0,1,0,0,18,1,2,3,10,121.49183
127480687,1,0,1,0,0,52,1,4,8,9,114.26585
127569124,1,1,0,0,0,35,1,2,4,10,271.59586
127638922,0,1,0,0,0,23,1,1,3,14,58.015293
127754761,0,1,0,0,0,18,1,3,3,10,158.51404
127764817,0,0,1,0,0,25,1,6,8,6,214.46449
127766280,1,1,0,0,0,23,0,3,4,10,0
128048979,1,0,1,0,0,65,0,1,3,6,69.840355
128059055,0,0,1,0,0,35,1,6,8,10,104.00266
128061929,1,1,0,0,0,24,1,3,5,10,58.496136
128072057,1,1,0,0,0,23,0,2,3,10,77.926216
128259066,0,0,1,0,0,23,1,1,3,8,213.70033
128260507,1,0,1,0,0,35,1,5,6,10,192.33696
128341804,1,0,1,0,0,51,0,0,1,9,97.653717
136595074,1,0,1,0,0,45,1,7,10,8,301.08246
136749018,0,0,1,0,0,21,1,2,4,10,105.1142
136879237,0,0,1,0,0,23,1,1,3,7,218.01265
137238885,1,1,0,0,0,38,1,7,10,10,219.77701
137440378,1,1,0,0,0,63,1,2,5,10,337.89572
137474928,1,0,1,0,0,32,1,2,4,1,49.008942
137759053,0,0,1,0,0,20,1,2,4,9,101.57748
137799379,0,1,0,0,0,25,0,3,4,10,210.39163
138079202,0,0,1,0,0,24,1,3,5,6,60.236473
138266296,0,0,1,0,0,48,0,3,6,1,144.63405
138338933,0,1,0,0,0,25,1,3,5,10,188.8418
138369157,1,0,1,0,0,29,1,4,6,9,196.29675
138772023,1,1,0,0,0,29,1,1,3,10,163.20348
146554771,1,1,0,0,0,68,0,0,1,1,0
146769131,1,1,0,0,0,30,1,5,7,10,0
146899378,0,1,0,0,0,24,1,1,3,10,0
146947560,0,0,1,0,0,30,0,1,2,6,0
147140327,0,0,1,0,0,31,1,2,4,10,91.570549
147286444,1,1,0,0,0,44,1,5,9,6,298.48645
147470594,0,1,0,0,0,42,0,1,3,7,56.774868
147472050,0,1,0,0,0,53,0,0,1,8,72.247246
147638911,1,0,1,0,0,60,0,1,2,1,45.828934
147670576,1,1,0,0,0,29,1,3,6,11,276.56256
147757641,1,0,1,0,0,30,1,1,3,14,176.14619
147764815,0,0,1,0,0,30,0,2,3,10,115.91695
147779244,1,0,1,0,0,34,1,3,5,10,33.965931
147890774,1,0,1,0,0,23.9,0,0,1,8,76.151176
148038932,0,0,1,0,0,25,1,2,4,6,125.92275
148080678,1,0,1,0,0,24,1,3,5,11,49.870724
148164829,0,0,1,0,0,21,1,2,4,8,115.9856
148357638,0,1,0,0,0,31,0,6,10,8,368.80725
148360502,1,1,0,0,0,51,0,0,1,7,99.173264
156595058,0,1,0,0,0,18,1,3,4,8,156.76073
156838881,1,0,1,0,0,40,1,2,5,1,114.59379
157269149,1,1,0,0,0,80,0,0,1,1,71.590614
157357624,0,1,0,0,0,26,1,1,3,9,271.16116
157357642,0,0,1,0,0,22,1,1,3,7,79.677605
157438895,1,1,0,0,0,43,0,3,4,10,153.42534
157487886,1,1,0,0,0,20,0,2,4,10,101.44021
157546113,1,0,1,0,0,65,1,1,5,10,164.13084
157695046,1,1,0,0,0,21,1,3,5,11,405.88248
157779235,1,1,0,0,0,38,1,5,7,8,178.69148
157847548,1,1,0,0,0,28,1,1,3,6,96.098518
158280671,1,1,0,0,0,36,1,6,8,14,286.75748
158349005,1,0,1,0,0,28,1,6,8,10,233.39465
166746137,0,0,1,0,0,38,0,1,2,1,90.351479
167247544,1,0,1,0,0,39,1,4,6,9,140.21648
167738914,0,1,0,0,0,32,0,3,5,7,165.11465
168738906,0,0,1,0,0,18,1,2,3,10,51.559959
176667715,0,1,0,0,0,27,1,3,5,10,220.49884
176757616,1,1,0,0,0,25,1,2,4,9,293.05878
176766285,0,1,0,0,0,26,1,3,5,9,0
176784976,0,0,1,0,0,33,0,6,7,10,350.18369
176850446,0,1,0,0,0,22,1,1,3,9,121.61005
176895075,1,1,0,0,0,34,0,1,3,9,199.0596
176897927,1,0,1,0,0,24,1,5,7,10,396.88187
176966277,1,0,1,0,0,23,1,4,6,6,186.06999
176969130,0,0,1,0,0,28,1,3,5,10,250.11623
176986429,0,1,0,0,0,35,1,3,5,9,346.09784
177147534,1,0,1,0,0,38,0,1,2,9,251.70824
177454773,1,1,0,0,0,31,1,3,5,10,122.86687
177456200,0,0,1,0,0,55,1,0,2,1,63.454422
177461926,0,1,0,0,0,32,1,2,4,10,72.450485
177464846,0,0,1,0,0,49,1,0,3,14,93.771507
177474929,0,0,1,0,0,36,0,4,5,9,159.87306
177647535,1,1,0,0,0,20,1,3,5,10,127.04765
177746084,0,1,0,0,0,42,1,4,6,12,187.97852
177759050,1,0,1,0,0,35,0,0,1,9,108.06142
177779203,0,1,0,0,0,25,1,3,5,14,107.62711
177779222,1,0,1,0,0,22,1,0,2,10,190.25307
177786429,1,0,1,0,0,35,1,3,5,8,111.10663
177979205,1,0,1,0,0,41,1,6,8,7,309.19003
178269130,0,1,0,0,0,25,1,3,5,9,185.74779
178276343,1,0,1,0,0,35,1,1,5,8,266.86374
178664830,1,1,0,0,0,21,1,1,3,12,159.10162
186779220,0,0,1,0,0,18,1,3,4,10,152.60474
186779224,0,0,1,0,0,27,1,4,6,10,394.57831
186887882,1,1,0,0,0,31,1,3,5,9,189.91177
188387876,1,1,0,0,0,25,1,0,2,10,0
196738918,1,0,1,0,0,60,0,0,4,1,148.78661
196751867,1,0,1,0,0,21,1,2,4,10,86.433044
197447558,0,0,1,0,0,65,1,1,2,5,63.354134
197474884,1,1,0,0,0,59,1,6,8,12,565.92181
197474886,1,0,1,0,0,28,1,4,6,9,235.22118
197479245,1,0,1,0,0,25,1,3,5,10,196.63062
197490771,0,1,0,0,0,24,1,2,4,10,163.14131
197497940,1,1,0,0,0,20,1,2,4,10,44.757244
197757609,1,0,1,0,0,59,1,1,3,1,192.61153
197776351,0,0,1,0,0,39,0,2,4,13,75.575378
197795096,0,0,1,0,0,38,1,5,8,9,253.01233
197799363,1,1,0,0,0,19,1,1,3,10,222.08626
198238913,0,0,1,0,0,20,1,3,6,10,234.89552
198290769,0,0,1,0,0,39,1,6,9,12,376.65176
198679246,1,1,0,0,0,20,1,1,3,10,93.154167
1065138242,1,1,0,0,0,65,0,0,1,6,90.517349
1065171387,0,0,1,0,0,47,1,4,6,9,243.99454
1065211727,1,1,0,0,0,29,1,4,6,9,205.61829
1065227566,0,1,0,0,0,55,0,1,3,9,42.128048
1065311072,1,0,1,0,0,20,1,1,3,7,64.366158
1065826565,1,0,0,1,1,26,1,5,7,7,145.28229
1065864042,1,0,0,1,1,38,0,3,5,10,233.87015
1065871254,1,0,0,1,1,22,1,2,4,10,86.544395
1065872679,0,0,0,1,1,58,0,2,4,8,216.02104
1065874111,1,0,0,1,1,23,1,3,5,9,191.35127
1065875520,0,0,0,1,1,44,0,2,4,9,66.777603
1065877001,0,0,0,1,1,23,1,4,6,13,173.10136
1065881322,0,0,0,1,1,27,1,3,5,9,141.43936
1066119545,0,1,0,0,0,19,1,3,5,9,79.424034
1066136851,0,0,1,0,0,38,1,0,2,8,59.588612
1066168526,0,1,0,0,0,41,1,5,9,9,221.84529
1066175715,1,0,1,0,0,27,1,4,6,8,131.27646
1066250614,0,0,1,0,0,29,1,2,4,10,94.631775
1067187239,1,0,1,0,0,37,1,4,6,9,254.38605
1067200218,0,0,1,0,0,25,1,3,5,6,189.35889
1067216057,1,1,0,0,0,40,0,2,4,10,277.10974
1067823720,1,0,0,1,1,23,0,3,4,10,148.6703
1067856802,0,0,0,1,1,61,0,0,1,1,44.621872
1068169977,1,1,0,0,0,64,0,0,1,7,70.019569
1068171384,1,1,0,0,0,51,0,2,3,14,315.34033
1068190112,0,1,0,0,0,20,1,4,6,10,210.41719
1068205928,0,1,0,0,0,24,1,3,5,9,171.09792
1068217478,0,0,1,0,0,53,1,7,10,9,153.26709
1068252013,1,1,0,0,0,36,1,2,4,14,133.02824
1069109443,0,1,0,0,0,35,1,7,9,10,198.46971
1069126752,0,0,1,0,0,22,1,2,4,10,101.0446
1069167047,1,0,1,0,0,55,1,3,5,8,206.00151
1069177144,1,0,1,0,0,23,1,3,5,9,0
1069185775,0,0,1,0,0,31,1,3,5,7,94.346359
1069188661,0,0,1,0,0,20,1,3,5,9,44.029114
1069201612,1,0,1,0,0,33,1,4,6,10,27.311926
1069210251,0,0,1,0,0,35,1,2,4,6,158.83739
1069263568,0,0,1,0,0,61,1,5,8,7,156.23032
1069270743,0,1,0,0,0,38,1,0,2,7,237.89992
1069318244,0,1,0,0,0,32,0,3,4,10,86.038765
1070156985,0,1,0,0,0,27,1,4,6,8,207.42192
1070236164,1,1,0,0,0,53,0,2,3,8,140.94633
1071220372,1,0,1,0,0,56,1,2,5,9,293.94879
1071226123,1,0,1,0,0,73,1,0,2,5,37.621624
1071231870,1,1,0,0,0,51,1,4,6,7,120.63425
1071306753,1,1,0,0,0,35,1,6,8,6,237.41832
1071308205,1,0,1,0,0,67,1,4,6,10,138.94171
1071324024,0,1,0,0,0,29,1,2,4,9,110.39814
1071862560,0,0,0,1,1,49,1,1,3,6,58.601002
1073236186,0,0,1,0,0,20,1,3,5,10,68.851601
1074106605,1,0,1,0,0,37,1,0,2,1,76.377678
1074119528,1,1,0,0,0,43,1,6,10,9,359.92218
1074158400,1,0,1,0,0,36,1,2,4,7,144.04224
1074161281,0,1,0,0,0,31,1,4,6,10,289.36343
1074191559,0,1,0,0,0,75,0,0,1,4,24.928688
1074210290,1,1,0,0,0,35,1,2,4,10,172.64761
1074226108,0,1,0,0,0,37,1,5,7,10,292.69229
1074240489,0,1,0,0,0,35,1,6,9,9,0
1074267873,1,1,0,0,0,28,1,3,5,9,0
1074865497,0,0,0,1,1,42,0,3,4,4,213.56877
1076108011,1,0,1,0,0,45,0,3,6,5,79.468651
1076126728,0,1,0,0,0,27,1,3,5,14,126.70217
1076208805,0,1,0,0,0,48,1,3,5,9,205.65222
1076231849,0,0,1,0,0,26,1,2,4,10,103.4429
1076270735,0,0,1,0,0,35,1,4,6,14,101.93135
1076280823,1,0,1,0,0,22,1,1,3,14,105.85016
1077108027,1,0,1,0,0,40,1,1,3,5,403.20944
1077116694,1,1,0,0,0,23,1,4,6,10,86.278992
1077119529,0,1,0,0,0,22,1,2,4,13,0
1077125302,1,0,1,0,0,27,1,2,4,10,124.45982
1077148364,0,1,0,0,0,43,1,5,7,9,206.55174
1077167058,1,0,1,0,0,62,1,0,2,8,30.504322
1077187247,0,1,0,0,0,28,1,2,4,10,144.70306
1077207366,1,0,1,0,0,59,0,1,2,1,187.8374
1077218901,1,1,0,0,0,35,1,7,9,10,367.43073
1077220360,1,0,1,0,0,58,0,0,2,1,63.768246
1077230455,1,0,1,0,0,52,1,0,2,9,38.78389
1077240480,0,0,1,0,0,32,0,3,5,9,135.55293
1077250601,1,1,0,0,0,20,1,6,8,10,197.46457
1077272178,0,0,1,0,0,48,1,0,2,1,152.74773
1077273613,0,0,1,0,0,22,1,3,5,9,0
1077308219,0,1,0,0,0,43,0,1,3,7,98.790428
1077312493,1,0,1,0,0,35,0,2,3,8,0
1077312520,0,1,0,0,0,27,1,4,6,10,218.46072
1077842405,1,0,0,1,1,48,0,1,2,7,111.27059
1077878410,0,0,0,1,1,23,1,5,7,9,216.63649
1078118119,0,0,1,0,0,20,1,1,3,10,124.08479
1078131099,1,0,1,0,0,52,1,3,7,1,119.25539
1078218897,1,1,0,0,0,30,1,3,5,10,171.69774
1078842445,1,0,0,1,1,47,1,0,2,5,151.78758
1079217479,0,1,0,0,0,30,1,5,7,10,324.10687
1079917294,0,0,0,1,1,30,1,4,6,10,199.76695
1080128219,1,0,1,0,0,25,1,3,5,10,206.69818
1080191568,1,0,1,0,0,24,0,3,5,10,64.370346
1080208840,0,0,1,0,0,26,1,2,4,7,82.873825
1080221778,0,1,0,0,0,19,0,0,2,1,38.017437
1080247710,0,0,1,0,0,23,1,0,2,9,110.91425
1080279390,1,1,0,0,0,29,1,2,4,10,107.46352
1080826588,1,0,0,1,1,27,1,2,4,10,107.88601
1081190133,1,0,1,0,0,23,1,4,6,9,54.236813
1082125300,0,0,1,0,0,25,1,2,4,10,272.45422
1082228992,0,0,1,0,0,28,1,3,5,3,103.20267
1082861160,1,0,0,1,1,24,1,3,5,9,167.36252
1083106560,0,1,0,0,0,22,1,3,5,10,190.40215
1083145484,0,1,0,0,0,40,1,3,5,19,135.68565
1083168487,0,0,1,0,0,39,0,1,3,6,138.44142
1083249124,0,1,0,0,0,26,1,3,5,7,241.4584
1083841015,1,0,0,1,1,56,1,7,9,14,420.30508
1086306762,0,1,0,0,0,22,1,2,4,9,215.8647
1087136829,1,0,1,0,0,23,1,3,5,10,221.6241
1087148365,1,0,1,0,0,42,1,7,9,8,189.21835
1087157018,1,0,1,0,0,48,1,3,7,9,282.41086
1087158450,0,1,0,0,0,22,1,2,4,8,110.34972
1087165607,0,0,1,0,0,76,0,0,2,4,44.835407
1087201614,1,0,1,0,0,60,0,0,2,5,122.60337
1087205969,0,1,0,0,0,52,1,4,6,7,440.74796
1087207364,0,1,0,0,0,20,1,2,4,9,230.45775
1087241968,0,0,1,0,0,28,1,3,5,7,118.32613
1087241974,0,1,0,0,0,23,1,2,4,10,381.6806
1087246294,1,1,0,0,0,81,0,1,2,16,75.226105
1087247705,1,0,1,0,0,23,1,1,3,4,188.46277
1087260681,1,1,0,0,0,22,1,1,3,10,159.04102
1087269280,1,0,1,0,0,25,1,2,4,9,50.850704
1087269328,0,1,0,0,0,40,1,4,6,10,204.02818
1087272189,0,1,0,0,0,29,1,4,7,12,145.23082
1087277975,0,0,1,0,0,30,1,3,5,10,127.77025
1087282283,0,1,0,0,0,65,0,1,3,10,241.55525
1087306779,1,0,1,0,0,72,0,5,9,5,220.98923
1087311074,1,1,0,0,0,65,0,0,1,10,50.610474
1087825135,1,0,0,1,1,61,0,0,1,9,75.877007
1165108033,1,0,1,0,0,40,1,5,9,11,422.69711
1165109490,1,1,0,0,0,41,0,3,4,14,0
1165201609,0,1,0,0,0,25,1,5,7,11,0
1165204485,1,0,1,0,0,43,0,2,4,8,193.55145
1165208837,0,0,1,0,0,35,1,8,10,10,303.1904
1166100855,1,1,0,0,0,37,1,5,8,8,334.23697
1166191551,0,1,0,0,0,36,0,4,6,10,399.20789
1166257794,1,0,1,0,0,35,1,4,7,10,197.23691
1166318252,0,0,1,0,0,28,1,2,4,10,119.51202
1167119569,1,1,0,0,0,23,1,1,3,14,100.40302
1167119578,0,0,1,0,0,19,1,2,4,6,119.91508
1167217492,1,1,0,0,0,36,0,7,8,1,386.89227
1167246246,0,0,1,0,0,25,1,1,3,7,50.36224
1167247685,1,0,1,0,0,32,1,4,6,9,178.51343
1167259206,1,1,0,0,0,38,0,2,4,8,90.622208
1167277952,0,1,0,0,0,45,0,1,2,7,184.85017
1167780531,1,0,0,1,1,34,1,1,3,14,136.01434
1167784857,0,0,0,1,1,29,1,4,6,9,294.21799
1167790593,0,0,0,1,1,23,1,3,5,14,139.03438
1167826569,0,0,0,1,1,57,1,4,6,14,150.10786
1167861162,1,0,0,1,1,17,1,2,3,9,132.87799
1168136853,1,1,0,0,0,22,1,3,6,10,0
1168216012,1,0,1,0,0,26,1,2,3,8,167.83345
1168218890,1,0,1,0,0,35,1,2,4,12,148.06134
1168220324,0,1,0,0,0,33,1,2,4,7,65.603149
1168252024,0,0,1,0,0,24,1,2,4,10,227.40834
1168843884,1,0,0,1,1,30,1,4,6,9,213.0071
1168856840,0,0,0,1,1,31,0,5,6,5,86.739243
1169109474,0,1,0,0,0,36,1,4,7,9,308.66119
1169120962,1,0,1,0,0,26,1,3,5,10,96.606995
1169128213,0,0,1,0,0,56,0,0,1,4,0
1169156971,1,0,1,0,0,28,1,2,4,14,304.59897
1169188645,0,0,1,0,0,25,1,2,4,9,115.19893
1169194457,0,1,0,0,0,25,1,3,5,9,236.40858
1169237652,1,0,1,0,0,32,1,2,4,9,144.05215
1169241976,1,0,1,0,0,24,1,2,5,10,206.67834
1169249176,1,0,1,0,0,25,1,1,4,9,258.5571
1169306732,1,0,1,0,0,23,1,3,5,12,264.03131
1169316841,0,0,1,0,0,23,1,3,5,10,64.011909
1169325467,0,1,0,0,0,25,1,3,5,10,55.219093
1169882744,1,0,0,1,1,29,1,6,8,9,217.11121
1170131041,1,1,0,0,0,29,0,0,1,10,378.41458
1170141133,1,0,1,0,0,25,1,1,3,14,233.46407
1170148326,0,0,1,0,0,25,0,1,2,11,112.08661
1170149779,1,0,1,0,0,35,1,2,4,10,157.00496
1170167096,0,0,1,0,0,44,1,6,8,6,257.5809
1170207419,0,1,0,0,0,27,1,3,5,10,179.83165
1170227577,1,1,0,0,0,27,1,4,6,8,38.118107
1171106589,0,0,1,0,0,35,0,2,4,9,94.582199
1171119546,1,0,1,0,0,61,1,3,5,8,162.02026
1171279385,1,1,0,0,0,22,1,2,4,8,152.74963
1171786266,0,0,0,1,1,25,1,3,2,17,90.134117
1171856823,0,0,0,1,1,31,1,4,6,11,107.1577
1171874118,0,0,0,1,1,36,1,7,7,14,441.77823
1171876968,1,0,0,1,1,43,1,5,7,8,185.19296
1172131082,0,0,1,0,0,32,1,5,7,10,81.604408
1172214598,0,1,0,0,0,45,1,4,6,7,249.83595
1172230458,1,0,1,0,0,22,0,2,3,7,0
1172236172,1,0,1,0,0,77,0,0,1,4,78.189323
1172250601,1,1,0,0,0,29,1,3,5,8,198.72406
1173146905,1,0,1,0,0,20,1,1,3,11,132.46121
1173208851,0,0,1,0,0,24,1,2,4,14,0
1173783366,1,0,0,1,1,17,1,2,3,8,110.02521
1173845302,0,0,0,1,1,18,0,4,6,9,111.48032
1174118137,1,1,0,0,0,27,1,5,7,9,312.02707
1174139697,0,1,0,0,0,47,1,4,7,1,145.2449
1174190133,1,1,0,0,0,42,1,4,6,10,159.7823
1174195856,1,0,1,0,0,35,1,1,3,12,147.89622
1174197339,1,0,1,0,0,49,0,1,2,11,144.30992
1174198766,0,1,0,0,0,43,1,4,9,4,292.78769
1174241953,0,1,0,0,0,48,1,3,7,9,328.40848
1174254928,1,0,1,0,0,52,0,2,4,9,174.02226
1174257808,0,1,0,0,0,22,1,4,6,8,112.64906
1174259224,0,0,1,0,0,36,0,5,7,10,86.366699
1174308170,1,1,0,0,0,76,1,0,2,1,36.394928
1174309616,0,0,1,0,0,43,1,5,8,8,133.42749
1174309635,0,1,0,0,0,37,1,8,10,10,117.50896
1174783419,1,0,0,1,1,31,1,4,6,11,189.52475
1174823702,1,0,0,1,1,26,1,3,5,6,127.09379
1174823729,1,0,0,1,1,24,1,2,4,9,122.7254
1174846733,1,0,0,1,1,44,1,5,7,12,190.84792
1174875520,0,0,0,1,1,36,1,1,3,8,249.50459
1174875553,1,0,0,1,1,35,0,4,9,10,350.57761
1175236204,0,0,1,0,0,35,1,3,5,10,48.939537
1175318250,1,1,0,0,0,25,1,4,6,7,132.16112
1176231876,1,1,0,0,0,29,1,2,4,11,194.81212
1177105132,1,1,0,0,0,23,1,4,6,9,151.0974
1177116655,0,0,1,0,0,34,1,6,9,9,138.38425
1177156970,0,1,0,0,0,33,1,0,2,9,158.63033
1177168489,1,0,1,0,0,21,1,1,3,7,74.048203
1177198764,1,1,0,0,0,47,0,3,5,7,146.28134
1177211733,0,0,1,0,0,38,0,2,3,10,285.78857
1177216031,0,1,0,0,0,43,1,6,9,6,200.51816
1177240491,0,1,0,0,0,27,1,4,6,9,226.57555
1177249171,0,0,1,0,0,43,1,4,7,14,102.11095
1177250584,1,1,0,0,0,52,0,4,6,9,548.44598
1177306778,1,1,0,0,0,21,1,5,7,10,0
1177312490,0,0,1,0,0,34,1,3,5,5,132.37314
1177322576,1,0,1,0,0,23,0,3,5,10,0
1177784808,0,0,0,1,1,23,1,2,4,9,176.75403
1177823719,1,0,0,1,1,22,1,2,4,11,169.05214
1177845338,1,0,0,1,1,20,1,4,7,10,324.82486
1177855366,1,0,0,1,1,47,1,3,4,5,350.48685
1178159864,0,1,0,0,0,21,1,0,2,10,0
1178191521,0,0,1,0,0,19,1,1,3,9,166.39436
1180151234,1,1,0,0,0,35,1,6,8,10,129.98837
1180197338,0,1,0,0,0,43,0,6,8,9,295.81339
1180253498,0,0,1,0,0,41,0,5,8,14,189.02713
1180256328,1,0,1,0,0,41,1,4,6,10,145.63461
1180311051,0,1,0,0,0,26,0,3,4,10,108.45456
1180780493,0,0,0,1,1,23,1,2,4,10,228.2274
1180862576,0,0,0,1,1,20,1,3,5,7,280.16602
1180862598,0,0,0,1,1,25,1,4,6,9,168.57016
1182187228,0,0,1,0,0,21,1,2,4,10,202.90329
1182188665,1,0,1,0,0,20,1,2,4,10,101.54127
1182210290,0,0,1,0,0,38,0,8,10,14,281.7641
1182218886,1,0,1,0,0,36,0,4,6,10,213.46201
1182247736,1,0,1,0,0,37,1,5,8,10,481.20508
1182855377,0,0,0,1,1,23,1,2,4,8,174.22244
1182862577,0,0,0,1,1,66,0,0,1,1,14.497725
1183105125,1,1,0,0,0,32,1,2,4,9,0
1183118136,1,1,0,0,0,22,1,3,6,7,120.02375
1183210289,1,1,0,0,0,52,1,6,10,7,273.06589
1183252042,1,0,1,0,0,30,1,2,4,10,118.58886
1183277939,1,0,1,0,0,45,0,2,3,14,80.311745
1183845284,0,0,0,1,1,28,1,2,4,5,178.47032
1183861122,1,0,0,1,1,54,0,5,6,11,120.00508
1184161301,1,0,1,0,0,34,1,3,5,10,59.931801
1184253452,1,0,1,0,0,49,1,5,11,9,337.95578
1187187201,1,0,1,0,0,39,1,7,12,12,157.62746
1187234745,1,0,1,0,0,67,1,0,3,8,101.2629
1187848195,0,0,0,1,1,29,1,6,8,9,477.81815
1188228999,1,1,0,0,0,26,1,4,7,10,83.991463
1265126742,1,1,0,0,0,.d,0,0,1,1,15.075421
1265208853,0,0,1,0,0,20,0,0,2,14,100.12466
1265213155,0,1,0,0,0,22,1,5,7,9,159.51118
1265229013,1,0,1,0,0,44,1,6,9,9,346.83951
1265231842,0,1,0,0,0,25,1,3,5,8,258.01141
1265239046,1,0,1,0,0,48,1,5,7,3,151.05772
1265239069,1,1,0,0,0,27,1,2,4,9,216.18576
1265874101,0,0,0,1,1,55,0,7,6,6,196.70096
1266136836,1,1,0,0,0,27,1,3,5,10,166.71657
1266167043,0,1,0,0,0,30,1,6,8,10,268.71503
1266240537,1,0,1,0,0,35,1,5,7,7,55.340729
1267131099,1,0,1,0,0,19,1,1,3,7,112.37451
1267159873,1,0,1,0,0,23,1,1,3,10,112.1972
1267270732,1,1,0,0,0,21,1,3,6,2,96.934937
1267797767,1,0,0,1,1,73,0,0,1,4,66.069504
1267828033,0,0,0,1,1,25,1,3,5,12,361.2991
1268161302,1,0,1,0,0,25,1,4,6,10,72.044373
1268241963,0,1,0,0,0,28,0,3,4,9,95.59079
1268861132,1,0,0,1,1,23,1,5,7,6,122.90462
1269105139,0,0,1,0,0,23,1,1,3,10,105.08179
1269131075,0,1,0,0,0,26,1,3,5,10,200.6497
1269168481,0,0,1,0,0,28,1,4,6,11,101.85318
1269188660,1,1,0,0,0,26,1,2,4,9,358.55936
1269200172,1,0,1,0,0,22,1,2,4,10,195.08131
1269228997,1,0,1,0,0,62,0,0,2,9,120.63882
1269269285,0,0,1,0,0,33,1,3,5,10,205.80817
1269780493,1,0,0,1,1,19,1,2,4,10,107.04292
1269843870,1,0,0,1,1,23,1,3,5,10,198.48686
1269872662,1,0,0,1,1,27,1,5,7,6,272.69772
1269882749,1,0,0,1,1,22,1,1,3,7,242.29919
1270218903,1,0,1,0,0,26,1,3,5,11,176.31207
1270237645,1,0,1,0,0,29,1,2,4,9,45.46077
1270315401,0,1,0,0,0,23,1,2,4,9,158.92587
1270843870,1,0,0,1,1,48,1,0,2,8,76.585686
1271105154,1,1,0,0,0,67,1,3,5,1,203.85315
1271128211,1,0,1,0,0,60,0,1,3,9,80.764366
1271188645,1,1,0,0,0,59,0,1,4,5,0
1271210240,0,0,1,0,0,45,1,10,12,7,218.40199
1271230458,0,0,1,0,0,27,1,0,2,10,0
1271253498,1,1,0,0,0,51,1,1,4,3,213.87802
1271267887,1,1,0,0,0,27,1,2,4,10,440.85736
1271315362,1,0,1,0,0,29,1,1,3,9,0
1271842425,0,0,0,1,1,38,1,3,5,13,242.37927
1272156978,1,0,1,0,0,45,1,3,6,9,168.66777
1272897122,0,0,0,1,1,51,0,0,2,6,171.59897
1273273656,0,0,1,0,0,39,1,5,7,8,231.69398
1274139689,0,0,1,0,0,54,1,7,9,9,134.10623
1274158432,0,0,1,0,0,58,1,0,4,3,182.46272
1274167050,1,1,0,0,0,33,1,5,7,7,237.15407
1274188643,1,0,1,0,0,22,1,3,5,9,88.12648
1274266409,0,1,0,0,0,35,0,0,1,8,225.08955
1274267893,0,1,0,0,0,20,1,2,4,7,334.00436
1274315387,0,0,1,0,0,46,0,7,8,5,174.29678
1274792021,0,0,0,1,1,42,0,0,1,10,145.59305
1274792032,0,0,0,1,1,63,0,0,1,8,37.727638
1274842426,0,0,0,1,1,51,1,4,4,9,361.16754
1274877007,1,0,0,1,1,19,1,1,3,10,195.34251
1275187212,0,0,1,0,0,28,1,2,4,8,294.82965
1276126753,0,1,0,0,0,43,1,3,5,10,75.468613
1276207413,0,1,0,0,0,33,1,3,5,10,200.45522
1276781927,1,0,0,1,1,34,1,5,7,8,256.70352
1276790601,1,0,0,1,1,25,1,3,3,10,45.418827
1276796332,1,0,0,1,1,42,1,4,8,8,163.30415
1276858287,0,0,0,1,1,19,1,1,3,10,164.78482
1277109456,0,0,1,0,0,49,0,1,2,14,71.853722
1277125311,1,0,1,0,0,28,1,6,8,7,143.17932
1277165635,0,1,0,0,0,28,1,2,4,10,65.259201
1277200218,1,1,0,0,0,42,1,1,3,8,55.020802
1277207414,1,1,0,0,0,27,1,3,5,14,169.27673
1277306771,1,1,0,0,0,42,0,3,4,14,74.293777
1277308207,0,1,0,0,0,26,1,2,5,4,147.60452
1277308209,0,0,1,0,0,79,1,0,2,12,115.57301
1277309614,0,1,0,0,0,44,1,5,7,8,153.94202
1277311080,1,0,1,0,0,34,0,1,3,9,22.795591
1277783374,1,0,0,1,1,59,0,0,3,7,49.784924
1277826598,0,0,0,1,1,31,1,3,5,10,286.92224
1278257777,0,1,0,0,0,33,1,1,3,14,249.0123
1278895730,1,0,0,1,1,31,1,2,4,9,155.08446
1279190082,0,1,0,0,0,34,1,6,10,9,473.61075
1279217497,1,1,0,0,0,32,1,2,4,9,168.98961
1279256323,0,1,0,0,0,41,1,6,8,10,444.11194
1280198746,0,0,1,0,0,70,1,3,7,6,116.23536
1282110918,0,1,0,0,0,76,0,0,1,11,28.425375
1282116698,1,0,1,0,0,23,1,4,6,14,43.399746
1282269280,1,0,1,0,0,30,1,3,5,9,150.86096
1282784847,1,0,0,1,1,36,1,3,6,6,247.51733
1282786251,1,0,0,1,1,29,1,3,5,9,165.19281
1282800670,0,0,0,1,1,59,0,0,1,7,99.628944
1282865470,1,0,0,1,1,21,1,2,2,10,166.7505
1283227538,0,1,0,0,0,30,1,3,5,10,166.0527
1283236218,0,1,0,0,0,35,1,5,7,14,182.56567
1283249123,0,1,0,0,0,34,1,4,7,14,161.27859
1283252059,1,1,0,0,0,54,1,0,2,7,71.024734
1283266420,1,1,0,0,0,32,1,7,9,9,450.14249
1283272169,1,1,0,0,0,58,0,0,2,1,319.97485
1284866888,1,0,0,1,1,26,1,4,6,10,200.32062
1286210249,1,1,0,0,0,20,1,3,5,10,204.68216
1287216044,0,0,1,0,0,40,1,2,7,9,183.60518
1287787734,1,0,0,1,1,26,0,1,2,10,169.86588
1287876988,0,0,0,1,1,35,0,0,1,13,195.6613
1365116643,0,0,1,0,0,43,1,2,4,8,79.028229
1365119556,0,0,1,0,0,36,1,4,6,8,298.24051
1365236201,1,0,1,0,0,43,1,4,6,10,334.34412
1365804977,1,0,0,1,1,49,1,1,3,9,113.32018
1365841003,1,0,0,1,1,17,1,2,3,4,111.02274
1366118081,1,1,0,0,0,19,1,3,5,9,263.01315
1366126741,1,1,0,0,0,40,0,5,6,5,125.81217
1366171409,0,0,1,0,0,33,1,8,10,10,353.34409
1366241970,1,1,0,0,0,22,1,2,4,9,180.71248
1367139710,1,0,1,0,0,28,1,5,7,10,149.18126
1367159895,1,1,0,0,0,21,1,0,2,11,152.55594
1367216033,1,1,0,0,0,34,0,3,5,1,136.4216
1368105162,1,0,1,0,0,26,1,8,10,10,414.71307
1368152687,0,0,1,0,0,28,0,3,4,13,119.64072
1368187240,1,0,1,0,0,26,1,4,7,11,282.23276
1368825166,0,0,0,1,1,21,0,0,1,10,74.110748
1369141135,0,0,1,0,0,71,1,3,7,1,56.273052
1369200169,0,0,1,0,0,57,1,1,5,1,157.61603
1369214601,1,1,0,0,0,23,1,3,5,10,233.72833
1369306744,0,0,1,0,0,32,1,6,8,10,354.47241
1370120999,1,0,1,0,0,28,1,4,6,8,151.29185
1370180025,1,1,0,0,0,27,1,4,6,10,227.3401
1370838093,1,0,0,1,1,56,1,3,6,7,156.78284
1370852506,0,0,0,1,1,35,1,4,6,9,116.998
1370855401,1,0,0,1,1,19,1,2,4,8,134.37659
1371165656,0,0,1,0,0,22,1,5,7,11,134.2355
1371168480,0,1,0,0,0,55,1,1,5,8,131.18152
1371191540,1,0,1,0,0,40,0,1,3,8,92.498291
1371267888,1,0,1,0,0,28,1,4,6,12,56.257805
1371311075,1,1,0,0,0,26,1,4,6,8,297.99268
1371319735,1,1,0,0,0,22,1,2,4,10,279.47202
1371786260,0,0,0,1,1,27,1,3,5,10,95.583923
1371810744,1,0,0,1,1,62,1,7,11,1,287.51779
1372316820,1,1,0,0,0,25,1,2,4,9,195.36845
1372813632,1,0,0,1,1,73,0,3,5,10,305.55228
1372858278,0,0,0,1,1,17,1,4,5,9,144.8228
1373159857,1,1,0,0,0,23,1,1,3,12,79.271126
1374118126,0,1,0,0,0,23,1,0,2,10,339.28183
1374136822,1,1,0,0,0,26,1,5,7,9,268.79852
1374210285,1,0,1,0,0,26,0,4,6,10,90.805237
1374211739,1,0,1,0,0,39,1,8,10,10,248.81593
1374214601,1,1,0,0,0,35,1,4,6,10,234.41963
1374231892,0,0,1,0,0,21,1,1,3,10,393.49951
1374787721,1,0,0,1,1,37,0,6,8,10,108.30394
1374813612,0,0,0,1,1,47,1,2,6,8,146.70079
1374840960,1,0,0,1,1,50,1,0,2,14,106.03319
1374874108,0,0,0,1,1,24,1,2,3,6,33.786709
1374875547,1,0,0,1,1,21,1,1,3,10,148.32901
1375306748,1,1,0,0,0,37,1,4,7,9,114.98464
1375309658,1,1,0,0,0,50,1,2,5,12,82.713661
1375861167,0,0,0,1,1,27,0,5,7,12,179.31494
1375872656,1,0,0,1,1,19,1,2,4,7,134.55388
1375876994,1,0,0,1,1,30,1,6,8,10,126.14964
1376110884,1,1,0,0,0,29,1,3,5,1,204.38664
1376129615,1,1,0,0,0,35,0,1,2,9,212.00381
1376131099,0,0,1,0,0,27,1,3,6,7,96.683266
1376139713,0,1,0,0,0,25,1,1,3,9,141.63879
1376207403,0,0,1,0,0,35,1,8,10,10,204.84764
1376272186,1,0,1,0,0,31,1,4,6,9,287.56931
1376872680,0,0,0,1,1,26,1,3,5,1,205.43907
1377106581,1,1,0,0,0,22,1,2,4,10,77.503906
1377131077,1,1,0,0,0,18,1,2,3,10,58.850384
1377158441,0,1,0,0,0,29,1,3,5,10,312.32794
1377228962,0,1,0,0,0,47,0,1,2,5,106.55637
1377276486,1,0,1,0,0,21,0,3,4,10,172.85884
1377312485,1,1,0,0,0,30,1,4,6,10,417.9783
1377806420,1,0,0,1,1,54,1,0,2,8,92.476189
1377812161,0,0,0,1,1,44,1,5,10,1,229.18031
1377812168,0,0,0,1,1,55,0,4,6,6,104.9838
1377826594,0,0,0,1,1,49,0,2,3,6,65.431938
1377826614,1,0,0,1,1,34,0,5,9,9,217.79301
1377835240,1,0,0,1,1,55,1,2,6,8,158.75616
1377856819,0,0,0,1,1,29,1,6,8,12,274.07065
1377859701,1,0,0,1,1,45,1,1,4,10,121.25923
1377859707,1,0,0,1,1,22,1,1,3,8,108.45646
1379195856,1,0,1,0,0,25,1,5,7,6,145.17934
1380105136,0,1,0,0,0,73,0,1,2,1,107.85399
1380185819,0,0,1,0,0,23,1,2,4,8,172.42453
1380188645,0,1,0,0,0,40,0,2,4,4,159.67171
1380250573,1,1,0,0,0,24,1,3,5,5,303.98392
1380843870,1,0,0,1,1,34,1,3,5,14,242.56421
1382109449,0,1,0,0,0,27,1,3,5,10,52.824032
1382125291,1,1,0,0,0,30,1,6,8,9,183.47932
1382141136,0,1,0,0,0,35,0,5,6,8,171.37782
1382155535,0,1,0,0,0,38,0,2,3,9,94.473518
1382205952,0,1,0,0,0,24,1,1,3,10,225.80147
1382218884,1,0,1,0,0,26,0,3,4,5,28.293819
1382836658,0,0,0,1,1,43,1,6,8,13,299.6102
1383149772,1,0,1,0,0,49,1,5,7,12,130.69304
1383185761,0,0,1,0,0,28,1,5,7,10,169.8857
1383197316,1,0,1,0,0,35,1,6,8,10,121.52805
1383269323,1,0,1,0,0,40,0,1,2,9,0
1383855375,1,0,0,1,1,20,1,1,2,9,174.33873
1384136847,1,0,1,0,0,30,1,4,6,11,74.488625
1384249165,1,1,0,0,0,20,1,2,4,9,255.18279
1384807882,1,0,0,1,1,46,1,2,4,12,133.36227
1384878451,1,0,0,1,1,24,1,5,7,10,171.61232
1386197296,0,1,0,0,0,24,1,4,6,9,237.04845
1386240537,1,0,1,0,0,24,1,2,4,8,199.5191
1387273600,0,1,0,0,0,32,1,5,7,12,83.194122
1465207369,1,0,1,0,0,66,1,0,3,3,188.7541
1465253470,1,1,0,0,0,40.900002,0,4,7,8,235.54033
1465269310,1,0,1,0,0,32.799999,1,6,8,6,191.17395
1465843871,1,0,0,1,1,31,1,2,4,12,96.725967
1465866910,1,0,0,1,1,41,1,8,10,9,419.02304
1466241965,1,1,0,0,0,59.299999,1,2,4,7,170.27542
1466257809,1,0,1,0,0,48.099998,0,5,6,9,195.12401
1466272219,1,0,1,0,0,25,1,1,3,8,59.178696
1466273621,0,1,0,0,0,31,1,3,5,10,120.25256
1466800649,1,0,0,1,1,19,1,2,4,12,98.736664
1467110895,0,1,0,0,0,41,0,3,4,10,116.75395
1467119525,1,1,0,0,0,28,1,1,3,9,196.54672
1467151233,0,0,1,0,0,29,1,3,5,7,98.824745
1467169942,1,0,1,0,0,35,0,3,5,10,68.139671
1467205924,0,0,1,0,0,36,0,1,2,9,184.3941
1467210286,0,0,1,0,0,44.5,1,6,8,9,0
1467211696,0,1,0,0,0,36,0,2,3,3,79.467888
1467226088,0,1,0,0,0,46,0,4,10,5,277.91129
1467237626,0,1,0,0,0,29.200001,1,4,6,8,197.37646
1467240506,1,0,1,0,0,30.9,1,3,5,9,131.83089
1467247716,0,1,0,0,0,63,1,3,6,10,190.09177
1467894241,1,0,0,1,1,31,1,4,6,10,111.49367
1468204532,0,0,1,0,0,30.200001,1,4,6,14,154.73135
1468246255,1,0,1,0,0,85.699997,0,0,1,1,47.873371
1469108012,0,0,1,0,0,45,0,4,8,1,32.217587
1469119540,0,0,1,0,0,28,0,4,5,10,177.64745
1469145462,1,1,0,0,0,25,1,3,5,8,198.23596
1469270742,1,1,0,0,0,21.700001,1,3,5,6,314.25015
1469283719,1,0,1,0,0,24,1,2,4,3,123.88651
1469866935,0,0,0,1,1,24,1,3,5,10,155.19275
1469872692,1,0,0,1,1,27,1,2,4,8,78.058914
1470102296,0,1,0,0,0,24,1,3,5,11,117.46931
1470309615,1,1,0,0,0,28.200001,1,1,3,10,0
1471874090,0,0,0,1,1,44,1,5,7,12,178.02802
1472236199,1,0,1,0,0,25.299999,1,2,4,10,347.0527
1472312493,0,0,1,0,0,31.9,1,4,6,10,138.47043
1472800679,1,0,0,1,1,74,1,4,6,1,121.03158
1472843861,1,0,0,1,1,56,1,2,4,14,162.83742
1473311078,0,1,0,0,0,57,1,5,9,9,304.55783
1474187206,0,1,0,0,0,22,1,2,4,8,0
1474188642,0,1,0,0,0,21.299999,1,1,3,10,250.43387
1474190121,1,0,1,0,0,22.9,0,3,4,10,0
1474205964,1,1,0,0,0,25,0,3,4,10,109.09022
1474211739,1,1,0,0,0,19.4,1,2,4,11,121.02204
1474234727,1,0,1,0,0,54,0,0,1,9,137.71768
1474240532,1,1,0,0,0,75.900002,1,0,2,10,56.583641
1474250592,0,0,1,0,0,30,1,1,3,9,103.95119
1474277964,0,1,0,0,0,30,1,2,4,9,386.918
1474279412,0,1,0,0,0,24,1,2,4,10,174.20909
1474802098,1,0,0,1,1,24,1,2,4,10,68.084389
1474809291,1,0,0,1,1,26,1,3,5,10,85.987289
1474871205,1,0,0,1,1,47,1,4,9,6,383.586
1474908679,0,0,0,1,1,33.400002,1,5,5,9,167.86395
1475269280,0,0,1,0,0,24.9,1,3,5,10,0
1475306721,0,0,1,0,0,28.4,1,1,3,10,364.8873
1476198763,1,0,1,0,0,23.799999,1,2,4,9,146.75227
1476308179,1,0,1,0,0,27.9,1,2,4,10,142.25996
1476872678,0,0,0,1,1,18.6,0,1,2,9,47.407402
1476915898,0,0,0,1,1,25,0,3,4,9,133.28447
1477145475,1,0,1,0,0,54.700001,1,2,4,4,79.286377
1477171400,1,1,0,0,0,53,1,0,3,4,300.17456
1477185763,0,1,0,0,0,26.4,1,4,6,14,0
1477227556,0,1,0,0,0,26,1,2,4,10,95.782204
1477231871,1,0,1,0,0,24.5,1,4,6,10,0
1477806450,1,0,0,1,1,53,1,3,6,8,103.96491
1477807886,1,0,0,1,1,19,1,1,3,8,88.894836
1477875579,0,0,0,1,1,23,1,2,4,9,408.9277
1477882724,0,0,0,1,1,21.6,1,2,4,8,142.63786
1479152655,0,1,0,0,0,36,1,3,6,8,409.63885
1479168517,0,0,1,0,0,23,0,3,4,8,45.823025
1480109461,0,1,0,0,0,80,0,0,1,1,13.622598
1480110937,0,0,1,0,0,39,1,3,5,1,92.530708
1480159847,0,1,0,0,0,35,1,4,6,10,122.3784
1480187258,1,0,1,0,0,48.299999,0,3,4,6,0
1480188686,1,0,1,0,0,34.400002,1,6,8,10,0
1480227561,1,0,1,0,0,27.6,1,2,4,9,99.884048
1480252053,0,1,0,0,0,21.700001,1,2,4,10,162.50833
1480283701,0,0,1,0,0,23,1,3,5,8,163.1032
1480306750,1,1,0,0,0,43,1,1,3,3,110.2868
1480803576,1,0,0,1,1,21,1,3,5,9,59.632088
1480871205,1,0,0,1,1,22,1,2,4,7,130.42632
1482151221,1,1,0,0,0,32,1,7,9,10,415.31592
1482168531,0,0,1,0,0,31,1,5,7,10,132.52281
1482237613,1,0,1,0,0,39.099998,1,9,12,9,0
1482254905,1,0,1,0,0,46,1,1,6,5,166.07939
1482804964,1,0,0,1,1,25.9,0,0,1,8,92.683228
1483106577,1,1,0,0,0,33,1,4,6,14,302.75531
1483156979,0,1,0,0,0,65.900002,0,0,1,9,202.98337
1483171404,1,0,1,0,0,38.900002,1,5,8,14,323.65118
1483200177,0,0,1,0,0,58.299999,1,1,3,1,190.5829
1483208843,1,0,1,0,0,24,1,3,5,10,40.060539
1483228995,1,0,1,0,0,27.5,1,4,6,10,88.844498
1483252031,0,0,1,0,0,54.5,1,1,3,6,152.2402
1484146905,0,1,0,0,0,37.700001,1,7,9,10,115.97034
1484887056,0,0,0,1,1,41,0,0,2,14,79.773697
1486283691,1,1,0,0,0,34.5,1,4,6,6,151.50693
1487106607,0,1,0,0,0,26,1,2,4,11,202.25011
1487149770,1,1,0,0,0,31.700001,1,2,4,8,99.674706
1487263535,0,0,1,0,0,31,0,2,3,10,87.252121
1487266408,0,0,1,0,0,56,1,0,4,9,156.32487
1487270736,0,0,1,0,0,29.299999,1,3,5,1,107.44979
1487892857,0,0,0,1,1,19,1,2,4,9,103.20686
1489201603,0,0,1,0,0,35,1,3,5,10,63.998562
1489866907,1,0,0,1,1,51,1,4,7,10,338.12259
1490276521,1,1,0,0,0,32.5,1,4,6,10,205.97481
1565105175,0,1,0,0,0,25,1,4,6,7,286.00934
1565191528,0,0,1,0,0,36,0,3,4,14,243.54459
1565198745,0,0,1,0,0,22,1,4,6,7,149.8848
1565267858,0,1,0,0,0,26,1,2,4,9,83.705101
1565316802,0,0,1,0,0,30,0,3,7,9,76.246887
1565826579,1,0,0,1,1,60,0,0,2,1,108.41033
1565848184,1,0,0,1,1,53,0,3,5,1,166.93658
1565856848,1,0,0,1,1,45,0,0,3,7,130.82841
1565866906,1,0,0,1,1,48,1,0,2,9,121.89374
1565877007,1,0,0,1,1,28,1,5,7,8,170.21097
1566197336,0,1,0,0,0,36,0,2,3,8,94.538727
1566231873,0,1,0,0,0,42,1,0,3,9,294.66187
1566234736,1,1,0,0,0,51,1,3,8,9,146.88573
1566796366,0,0,0,1,1,33,0,4,5,9,55.103931
1567155577,1,0,1,0,0,32,0,1,2,8,145.03252
1567231873,1,0,1,0,0,42,1,2,4,9,193.05956
1567250574,0,1,0,0,0,18,1,2,3,9,65.114677
1567796346,1,0,0,1,1,25,0,2,3,9,79.316116
1567802126,0,0,0,1,1,25,1,4,6,9,80.458931
1567875554,0,0,0,1,1,27,1,2,4,8,126.89243
1568139708,1,1,0,0,0,28,1,2,4,10,119.20583
1568154126,1,0,1,0,0,31,1,5,7,9,230.81009
1568213120,1,0,1,0,0,35,1,6,8,9,244.09598
1568252036,1,0,1,0,0,66,0,1,2,1,64.185028
1569120993,1,0,1,0,0,47,0,8,12,4,163.5787
1569158405,1,0,1,0,0,22,1,4,6,9,226.82626
1569190098,0,1,0,0,0,42,0,3,4,8,307.11954
1569198759,1,0,1,0,0,25,1,3,5,9,257.41656
1569241942,1,0,1,0,0,27,1,4,6,9,215.78041
1569309649,0,1,0,0,0,26,1,4,6,10,194.86606
1570138286,0,1,0,0,0,27,1,3,5,10,269.66641
1571207400,0,1,0,0,0,20,1,2,4,9,129.31114
1572187250,0,0,1,0,0,69,0,1,2,6,47.004726
1572188671,0,0,1,0,0,46,1,3,5,8,121.30117
1572309612,0,1,0,0,0,67,0,0,1,1,0
1573157001,1,0,1,0,0,26,1,3,5,10,178.08328
1574118114,1,0,1,0,0,48,0,4,8,9,102.63754
1574119536,0,0,1,0,0,47,1,2,4,5,115.65005
1574149764,0,1,0,0,0,24,1,3,5,4,181.46292
1574207405,1,1,0,0,0,20,1,2,4,10,213.31711
1574220359,0,0,1,0,0,23,0,5,6,9,142.44414
1574784859,1,0,0,1,1,55,0,2,3,7,95.758179
1574908686,0,0,0,1,1,26,1,2,5,8,156.57883
1576319699,0,0,1,0,0,20,1,3,7,9,124.33265
1577125283,1,0,1,0,0,23,1,2,4,5,142.806
1577131084,0,1,0,0,0,25,1,4,6,8,204.48387
1577167093,0,1,0,0,0,26,1,2,4,10,145.67886
1577216055,0,0,1,0,0,22,1,3,5,6,182.53481
1577230413,1,1,0,0,0,21,1,3,5,10,89.463379
1577236185,1,1,0,0,0,33,1,2,4,10,0
1577280813,1,1,0,0,0,31,1,3,5,6,103.00552
1577881313,0,0,0,1,1,19,1,2,4,10,143.52631
1578171382,1,0,1,0,0,36,1,5,7,9,181.14146
1578227546,0,0,1,0,0,24,1,2,5,10,119.88497
1580168520,0,0,1,0,0,49,1,2,4,5,108.15561
1580216016,0,0,1,0,0,26,1,2,4,8,217.86432
1580227559,1,0,1,0,0,82,0,0,2,1,281.59598
1580239096,1,1,0,0,0,28,0,4,5,10,83.442932
1580252057,1,1,0,0,0,23,1,4,6,9,199.12711
1582151218,1,1,0,0,0,25,1,2,5,10,130.75977
1582175726,0,1,0,0,0,29,1,4,6,9,181.9491
1582308217,1,0,1,0,0,25,0,6,7,8,105.10048
1582794920,0,0,0,1,1,29,1,6,8,8,227.13799
1582826582,1,0,0,1,1,21,0,3,5,10,124.81503
1582885649,0,0,0,1,1,29,0,4,4,10,147.16751
1583208840,0,1,0,0,0,33,1,4,6,10,149.70177
1583210242,0,0,1,0,0,46,0,0,1,1,62.771858
1583241967,1,1,0,0,0,51,1,7,11,9,193.91945
1583269283,0,1,0,0,0,28,1,4,6,10,360.04077
1583269332,1,0,1,0,0,35,1,5,7,8,0
1583279377,1,0,1,0,0,20,1,2,4,8,163.0746
1583318242,1,0,1,0,0,66,0,0,1,1,35.872906
1583855361,1,0,0,1,1,91,0,0,1,8,37.978542
1585129632,1,1,0,0,0,73,0,0,1,1,0
1587783400,1,0,0,1,1,20,1,2,4,11,194.7059
1765135361,1,0,1,0,0,29,1,3,5,12,91.028313
1765185777,1,0,1,0,0,35,1,1,3,4,193.82413
1765187255,0,1,0,0,0,28,1,3,5,10,150.78281
1765188687,1,1,0,0,0,22,1,1,3,10,147.89813
1765190103,1,1,0,0,0,34,1,5,7,11,164.69406
1765855367,0,0,0,1,1,61,0,0,1,12,219.20845
1765895726,0,0,0,1,1,25,1,4,6,10,229.84724
1766188649,1,1,0,0,0,28,1,3,5,5,115.24889
1766897177,0,0,0,1,1,20,1,1,3,9,310.21771
1767105128,1,0,1,0,0,47,1,2,5,1,196.37132
1767106617,1,1,0,0,0,43,0,2,4,1,47.53133
1767115250,1,1,0,0,0,45,1,4,6,9,183.29782
1767119530,0,1,0,0,0,71,0,2,3,4,105.99696
1767126749,0,1,0,0,0,35,0,7,8,10,175.85831
1767126763,1,0,1,0,0,36,1,4,6,14,140.26224
1767131066,1,0,1,0,0,35,1,3,6,10,273.49103
1768180058,0,1,0,0,0,22,1,2,4,10,199.94044
1768766098,0,0,0,1,1,26,1,7,9,8,374.20294
1768786266,0,0,0,1,1,27,1,1,3,11,152.52734
1768914407,1,0,0,1,1,30,1,1,3,14,368.99411
1769145498,1,1,0,0,0,65,1,0,2,10,36.061466
1769149770,1,1,0,0,0,29,1,5,7,10,164.29291
1769168524,1,0,1,0,0,26,1,2,4,9,168.93546
1769766100,0,0,0,1,1,19,1,2,4,12,133.39278
1769786267,1,0,0,1,1,31,1,2,4,11,189.42749
1769861141,1,0,0,1,1,28,1,6,8,10,465.83142
1770200189,1,1,0,0,0,30,1,2,4,14,122.36696
1770783406,1,0,0,1,1,27,0,3,6,10,376.25708
1771784809,0,0,0,1,1,48,1,5,8,7,203.37498
1771898576,0,0,0,1,1,19,1,1,1,9,204.75267
1774109443,0,0,1,0,0,76,0,2,3,4,175.70767
1774118136,1,1,0,0,0,34,1,3,5,10,0
1774120975,0,1,0,0,0,45,1,3,5,8,189.78023
1774125332,0,1,0,0,0,31,1,4,6,10,186.17374
1774135374,1,1,0,0,0,63,1,1,3,6,120.29259
1774156972,0,1,0,0,0,41,1,4,6,8,530.47858
1774159861,1,0,1,0,0,21,1,3,5,5,166.43973
1774168507,0,0,1,0,0,34,1,7,9,6,65.681129
1774191542,1,1,0,0,0,53,1,6,10,14,190.70302
1774195844,1,1,0,0,0,61,1,5,7,5,317.25116
1774794881,0,0,0,1,1,53,0,0,1,14,135.90758
1774885654,1,0,0,1,1,53,1,4,6,9,240.52988
1774892817,0,0,0,1,1,55,1,4,6,1,141.14499
1775171393,1,1,0,0,0,32,1,2,4,14,204.7222
1775864053,0,0,0,1,1,19,0,0,2,6,122.90958
1776110917,1,0,1,0,0,22,1,2,4,10,50.297798
1776158406,1,0,1,0,0,73,0,0,2,1,101.86691
1777110891,1,0,1,0,0,29,1,3,5,9,74.471474
1777148329,0,0,1,0,0,36,1,5,8,10,99.062691
1777167040,1,1,0,0,0,22,1,3,5,9,179.21465
1777167089,0,1,0,0,0,23,1,4,6,8,297.60181
1777191576,1,1,0,0,0,40,1,7,9,9,113.25536
1777194418,0,1,0,0,0,38,1,3,5,14,120.15035
1777201652,0,1,0,0,0,28,1,1,3,4,115.5955
1777794935,0,0,0,1,1,20,1,6,8,9,91.150337
1777865482,0,0,0,1,1,24,0,1,3,2,126.86461
1778766110,1,0,0,1,1,23,1,4,6,7,210.30467
1778796348,1,0,0,1,1,22,1,3,5,9,401.78558
1780151235,0,0,1,0,0,34,1,2,4,10,160.10031
1780152658,1,1,0,0,0,35,0,5,6,9,169.27103
1780152668,0,1,0,0,0,23,1,3,5,10,332.20068
1780175736,1,1,0,0,0,37,1,4,6,10,172.21747
1780197300,0,1,0,0,0,27,1,2,4,18,427.68854
1780856833,1,0,0,1,1,39,1,8,11,10,475.65457
1780864037,0,0,0,1,1,20,1,1,3,8,243.67386
1780875574,0,0,0,1,1,44,1,8,10,13,323.52951
1780915844,0,0,0,1,1,36,0,4,5,9,91.096947
1782108027,1,0,1,0,0,40,1,0,2,7,85.591095
1782151256,0,0,1,0,0,34,1,5,8,10,313.65338
1782797801,0,0,0,1,1,20,1,3,5,10,231.58414
1783155578,1,0,1,0,0,25,1,3,6,6,325.56882
1790106561,1,1,0,0,0,64,1,5,7,7,212.278
1865318265,0,0,1,0,0,23,1,2,4,4,182.80782
1865878418,0,0,0,1,1,27,1,3,5,8,141.63498
1865895689,1,0,0,1,1,27,1,3,5,13,96.719498
1866783362,0,0,0,1,1,40,1,4,8,6,184.52567
1866875544,0,0,0,1,1,35,1,7,9,10,176.08861
1867786295,1,0,0,1,1,26,0,3,5,7,143.38141
1868236215,1,0,1,0,0,23,1,2,4,10,99.508072
1868776199,1,0,0,1,1,48,1,8,8,8,210.4023
1868797785,1,0,0,1,1,19,1,1,3,6,148.42244
1868842426,1,0,0,1,1,36,1,4,6,10,140.33887
1869306724,1,0,1,0,0,28,1,4,6,8,146.22606
1869316836,0,0,1,0,0,35,1,5,8,10,117.76636
1869319707,1,1,0,0,0,24,1,2,4,4,165.74763
1869853969,1,0,0,1,1,24,1,4,4,10,107.13329
1869884171,0,0,0,1,1,21,1,3,5,10,131.99831
1870188663,0,1,0,0,0,36,1,1,3,14,130.76093
1870796335,0,0,0,1,1,26,1,3,5,9,116.19342
1870874080,1,0,0,1,1,55,0,2,3,12,175.65085
1871200174,0,0,1,0,0,18,1,1,2,6,160.27763
1871796328,1,0,0,1,1,34,1,3,5,10,124.05048
1871800643,0,0,0,1,1,56,0,0,1,6,75.653938
1871802117,0,0,0,1,1,30,1,1,3,9,180.31094
1871855388,1,0,0,1,1,36,1,8,10,8,209.78532
1874764654,1,0,0,1,1,26,1,5,7,7,151.6217
1874777614,1,0,0,1,1,68,1,1,3,4,149.67603
1874846761,0,0,0,1,1,24,1,3,5,9,69.335495
1874866883,0,0,0,1,1,31,0,5,4,10,149.27354
1874872644,0,0,0,1,1,29,1,5,8,9,552.75671
1874917329,0,0,0,1,1,27,1,3,5,8,214.04768
1876195853,1,1,0,0,0,33,0,1,2,7,156.02592
1876784842,1,0,0,1,1,19,1,2,5,9,126.75898
1877191543,1,0,1,0,0,34,0,5,6,7,149.70749
1877197296,0,0,1,0,0,37,1,5,8,10,78.435272
1877198766,0,1,0,0,0,27,1,3,5,10,560.72559
1877205977,1,1,0,0,0,28,1,3,5,10,61.710655
1877781939,0,0,0,1,1,30,1,2,4,10,186.78154
1877786258,1,0,0,1,1,19,1,1,1,10,38.923069
1877792037,1,0,0,1,1,61,0,0,1,1,63.634781
1877856846,1,0,0,1,1,33,1,7,9,9,325.16159
1877887093,1,0,0,1,1,21,1,2,4,10,176.67393
1879776180,1,0,0,1,1,26,1,2,5,14,168.82411
1880866886,0,0,0,1,1,27,1,3,5,12,156.63986
1880881328,1,0,0,1,1,47,1,4,6,12,341.13385
1882195897,1,0,1,0,0,21,1,2,3,10,275.45102
1882781922,0,0,0,1,1,47,1,2,6,1,160.42101
1883201614,0,0,1,0,0,41,0,0,1,11,168.51791
1883780498,1,0,0,1,1,45,1,6,8,11,306.63867
1883842420,0,0,0,1,1,22,1,3,5,9,164.81189
1883842454,0,0,0,1,1,25,1,4,7,14,136.52721
1883845316,0,0,0,1,1,46,0,3,4,9,181.14145
1883862565,1,0,0,1,1,33,1,4,7,17,409.37576
1883872644,0,0,0,1,1,25,1,0,2,7,206.575
1884210279,0,0,1,0,0,36,1,5,7,8,267.12054
1887783368,0,0,0,1,1,21,1,2,4,14,104.7104
1890208858,0,0,1,0,0,32,0,0,2,10,0
1890861170,1,0,0,1,1,32,1,4,6,9,213.32472
1965155529,0,1,0,0,0,37,1,7,10,11,365.08182
1965185794,1,0,1,0,0,19,1,1,3,10,0
1966187217,0,1,0,0,0,28,1,3,7,10,180.50655
1967106577,0,0,1,0,0,31,1,5,7,10,101.22858
1967119575,0,1,0,0,0,28,1,2,4,9,246.38464
1967149774,1,1,0,0,0,49,1,4,8,7,97.979744
1967252030,0,1,0,0,0,36,1,4,7,10,269.47388
1968277970,0,0,1,0,0,73,1,2,5,12,185.51517
1969191575,1,1,0,0,0,23,1,3,5,10,144.19363
1969198721,1,1,0,0,0,65,1,1,3,5,157.44749
1969205926,0,0,1,0,0,46,0,2,4,9,0
1969207373,1,0,1,0,0,34,1,6,8,10,343.19528
1969241969,0,1,0,0,0,25,1,1,3,10,0
1971306720,1,0,1,0,0,28,1,5,7,9,186.24197
1972250582,1,0,1,0,0,76,0,5,7,1,239.96704
1974211689,1,1,0,0,0,36,0,0,3,10,120.5004
1974240483,0,1,0,0,0,27,1,4,7,10,527.17065
1974260678,0,0,1,0,0,37,1,6,9,10,331.09949
1974279415,0,0,1,0,0,61,0,1,4,1,124.79138
1974308161,1,0,1,0,0,49,0,3,4,6,25.331741
1976131041,0,0,1,0,0,31,0,3,4,10,0
1976188655,0,0,1,0,0,85,0,0,1,3,0
1976190095,1,0,1,0,0,25,1,3,5,10,156.3203
1977141144,1,0,1,0,0,37,1,5,7,9,233.33823
1977158422,1,0,1,0,0,23,1,2,4,7,135.40996
1977198757,0,0,1,0,0,27,1,4,6,10,206.19598
1977239055,1,0,1,0,0,23,1,2,4,10,193.15527
1977241924,1,0,1,0,0,59,0,2,3,9,115.57568
1977253447,0,0,1,0,0,39,1,6,8,8,148.95285
1977764684,1,0,0,1,1,27,1,4,4,10,83.959053
1979197332,0,0,1,0,0,46,0,3,5,9,189.02902
1980220360,1,1,0,0,0,25,1,2,4,10,250.14102
1980764656,0,0,0,1,1,27,1,3,5,8,44.673351
1982208804,0,1,0,0,0,21,1,2,4,10,111.10282
1982211706,0,0,1,0,0,32,1,4,6,12,64.955673
1982227554,1,0,1,0,0,52,1,4,7,9,196.14539
1982776189,1,0,0,1,1,18,1,3,5,10,150.28709
1983108037,0,0,1,0,0,26,1,3,5,10,168.8512
1983118122,1,1,0,0,0,25,1,2,4,14,0
1983207371,1,1,0,0,0,30,1,3,5,12,265.54248
1983218937,1,1,0,0,0,70,0,0,1,4,41.967136
1983767541,1,0,0,1,1,37,0,2,3,7,69.948654
1984269318,0,0,1,0,0,44,0,3,4,8,112.25631
1984306761,1,0,1,0,0,33,1,2,4,10,70.700226
1989319682,1,1,0,0,0,32,0,2,3,10,0
2065198769,1,1,0,0,0,25,1,3,5,9,176.91646
2065201641,1,0,1,0,0,40,1,6,9,7,122.7235
2065211702,0,0,1,0,0,29,1,1,3,9,198.80984
2065259235,1,0,1,0,0,38,1,5,7,14,219.63441
2065269300,0,1,0,0,0,63,1,0,4,8,302.62186
2065784823,0,0,0,1,1,18,0,0,2,9,102.92545
2066231856,1,0,1,0,0,18,1,3,4,9,117.58408
2066273650,0,1,0,0,0,20,1,1,3,10,349.93585
2067185784,1,1,0,0,0,34,1,5,7,7,120.21748
2067188671,0,1,0,0,0,24,1,3,5,8,95.858086
2067190086,0,1,0,0,0,35,1,7,9,10,142.8922
2067311058,0,1,0,0,0,24,1,2,4,9,176.22551
2067786298,1,0,0,1,1,38,1,5,7,10,452.60959
2067787722,1,0,0,1,1,22,1,2,2,10,154.80991
2067825122,1,0,0,1,1,28,1,3,5,8,194.31714
2067826589,1,0,0,1,1,31,1,3,5,10,68.009651
2067875552,0,0,0,1,1,21,1,2,4,8,97.904434
2068200162,1,0,1,0,0,26,1,2,5,8,0
2068257781,0,1,0,0,0,26,1,5,7,9,183.76492
2068825176,0,0,0,1,1,31,1,6,8,10,244.12857
2069191549,1,1,0,0,0,21,1,0,2,10,134.71024
2069216052,0,0,1,0,0,23,1,3,5,9,147.12976
2069217458,1,1,0,0,0,35,1,3,5,8,153.3548
2069270728,0,0,1,0,0,32,1,4,6,12,255.03752
2069318273,1,0,1,0,0,31,1,4,6,11,78.109253
2069319711,0,0,1,0,0,28,1,4,6,9,0
2069760340,0,0,0,1,1,39,0,1,2,10,60.036663
2069780517,0,0,0,1,1,20,1,2,4,12,141.88474
2069812174,1,0,0,1,1,17,1,4,3,7,75.432777
2069874107,1,0,0,1,1,29,1,4,6,10,122.95229
2070220332,1,0,1,0,0,53,0,3,5,6,141.27577
2070272215,0,0,1,0,0,33,1,3,5,10,254.64075
2071252040,1,1,0,0,0,22,1,4,6,9,85.478218
2071308211,1,1,0,0,0,22,1,2,4,9,60.9259
2074249135,0,0,1,0,0,28,1,5,7,10,186.22404
2074279398,1,0,1,0,0,46,1,5,7,14,216.81761
2074783366,0,0,0,1,1,18,1,1,3,9,263.14017
2076185810,1,0,1,0,0,30,1,4,6,9,203.15916
2076208810,1,1,0,0,0,31,1,1,3,10,246.1162
2077226087,1,1,0,0,0,19,1,1,3,10,146.43996
2077231861,0,1,0,0,0,18,1,1,2,10,91.157578
2077308186,0,0,1,0,0,23,1,1,3,10,37.319626
2077316822,1,1,0,0,0,20,1,2,4,10,202.18451
2077885632,1,0,0,1,1,27,1,4,6,10,186.6927
2078216029,1,0,1,0,0,23,1,3,5,10,138.15163
2079198773,0,0,1,0,0,62,0,2,3,5,64.050041
2080204489,1,1,0,0,0,36,0,1,3,18,77.942993
2080207412,0,0,1,0,0,62,1,3,5,9,212.40958
2080259220,1,0,1,0,0,43,1,8,11,9,300.75339
2080322601,1,1,0,0,0,32,1,5,7,7,269.62827
2080825148,1,0,0,1,1,49,0,1,2,6,41.684193
2081813603,1,0,0,1,1,45,1,6,8,9,302.03845
2081876992,0,0,0,1,1,39,1,5,7,9,131.80305
2081882761,1,0,0,1,1,26,0,1,2,8,93.90155
2082267876,1,1,0,0,0,21,1,0,2,1,190.03761
2082761766,0,0,0,1,1,31,1,3,5,10,80.073036
2083187243,1,1,0,0,0,34,1,2,4,10,149.7986
2083252048,0,1,0,0,0,63,1,3,7,1,117.69047
2083884180,1,0,0,1,1,21,0,6,10,14,224.92329
2087283718,0,0,1,0,0,25,1,0,2,10,111.44028
2087866915,1,0,0,1,1,28,1,4,6,10,266.83133
2087878451,1,0,0,1,1,69,0,0,1,1,17.216522
2087881322,1,0,0,1,1,19,1,2,4,1,213.86545
2087885645,0,0,0,1,1,34,1,3,5,9,78.126411
2165191542,0,1,0,0,0,20,1,2,4,10,153.5161
2165201614,1,0,1,0,0,23,1,4,6,10,193.90419
2165208835,1,0,1,0,0,22,1,2,4,8,131.41945
2165241952,1,0,1,0,0,45,0,2,3,9,85.339806
2165256343,0,0,1,0,0,31,1,6,8,9,125.8465
2165270726,1,0,1,0,0,37,0,4,5,9,183.48657
2165324010,0,1,0,0,0,57,0,4,6,6,120.7944
2165779045,0,0,0,1,1,42,0,1,2,11,147.97823
2165780526,1,0,0,1,1,22,1,1,3,10,105.10201
2165800683,0,0,0,1,1,29,1,4,6,13,155.86272
2166197289,0,1,0,0,0,32,1,6,8,8,95.567902
2166200168,1,1,0,0,0,26,1,5,7,8,143.16139
2166250588,1,1,0,0,0,25,1,4,6,10,202.22075
2167190128,0,0,1,0,0,28,1,5,8,11,204.27032
2167227577,1,0,1,0,0,20,1,1,3,8,143.39667
2167776203,1,0,0,1,1,43,1,5,7,13,380.65869
2168226088,1,0,1,0,0,29,1,1,3,3,140.47502
2168252037,0,1,0,0,0,40,1,0,3,8,334.40662
2168256362,0,1,0,0,0,36,1,1,3,10,141.51295
2168277974,1,1,0,0,0,26,1,4,6,10,0
2168874106,0,0,0,1,1,49,1,3,5,12,177.72675
2169191564,0,1,0,0,0,33,0,0,1,9,80.135956
2169239080,1,1,0,0,0,25,0,3,4,9,107.80441
2169240511,1,1,0,0,0,27,1,3,5,8,63.898277
2169267868,0,1,0,0,0,23,1,4,6,10,149.15459
2169269293,0,0,1,0,0,34,1,3,5,10,145.77646
2169760345,0,0,0,1,1,27,1,1,3,12,177.03009
2169774762,0,0,0,1,1,24,1,3,5,10,213.72472
2169781941,1,0,0,1,1,27,1,4,6,9,144.26036
2169781944,0,0,0,1,1,27,1,2,4,10,213.41051
2169848188,1,0,0,1,1,22,1,3,5,10,51.090557
2170272195,0,0,1,0,0,64,0,0,1,1,102.1403
2170311098,0,1,0,0,0,28,1,2,4,10,129.13536
2170763222,0,0,0,1,1,31,1,4,6,4,47.706738
2170846741,0,0,0,1,1,64,1,3,5,14,121.13187
2171188649,0,1,0,0,0,23,1,4,6,10,131.28639
2171211707,0,0,1,0,0,32,1,5,7,14,68.982391
2172763217,1,0,0,1,1,51,1,2,5,12,151.52827
2173875543,0,0,0,1,1,21,1,2,4,10,129.71306
2174188656,0,1,0,0,0,37,0,5,7,3,325.20999
2174190083,1,1,0,0,0,48,1,7,9,4,463.86685
2174207389,0,0,1,0,0,52,1,2,8,8,254.11818
2174230422,1,1,0,0,0,22,1,1,3,12,90.027344
2174760333,0,0,0,1,1,81,0,0,1,1,30.400986
2174777626,0,0,0,1,1,28,0,1,2,11,150.3035
2174779073,0,0,0,1,1,36,1,4,6,10,173.38356
2176240521,0,0,1,0,0,24,1,4,6,11,114.61552
2176802100,1,0,0,1,1,63,1,0,2,1,67.662643
2176802106,1,0,0,1,1,48,1,4,6,9,80.693825
2177198735,1,0,1,0,0,23,1,2,3,10,174.27507
2177201604,1,1,0,0,0,26,1,2,3,5,101.92067
2177207419,0,0,1,0,0,61,0,0,1,5,150.20702
2177211684,0,1,0,0,0,49,1,4,8,11,209.1264
2177220354,0,0,1,0,0,22,1,1,3,10,52.391617
2177239058,0,1,0,0,0,31,0,3,5,10,139.19415
2177761811,1,0,0,1,1,43,0,0,1,9,381.31223
2178247696,1,1,0,0,0,36,1,4,6,14,320.42639
2180205940,0,1,0,0,0,52.900002,1,4,6,8,439.78015
2180270775,1,1,0,0,0,23,1,1,3,8,116.94843
2182194453,0,0,1,0,0,23,1,2,4,10,134.78687
2182246266,0,0,1,0,0,22,1,3,5,7,97.323868
2182267895,1,1,0,0,0,68,0,0,2,1,124.83981
2183200160,0,1,0,0,0,29,1,4,6,12,254.98718
2183210282,1,1,0,0,0,21,1,4,6,10,153.16794
2183217449,1,1,0,0,0,53,0,2,3,9,300.4693
2183226120,1,0,1,0,0,40,1,2,4,9,147.10612
2183228983,1,0,1,0,0,30,1,0,2,8,69.767151
2183267892,1,1,0,0,0,30,1,6,8,8,151.1889
2183276537,1,0,1,0,0,87,0,0,1,6,91.58313
2183282299,1,0,1,0,0,20,1,2,3,8,94.896408
2183306731,1,0,1,0,0,22,1,2,4,3,167.14555
2183308190,0,0,1,0,0,24,1,4,6,9,138.74553
2183312518,1,1,0,0,0,55,0,0,1,6,251.1597
2183783362,0,0,0,1,1,58,1,3,7,9,212.13692
2187180012,1,1,0,0,0,45,0,0,1,14,295.56747
2187221762,0,1,0,0,0,25,1,3,5,10,73.746582
2187227539,0,1,0,0,0,32,1,4,6,9,232.25566
2187236211,0,0,1,0,0,21,1,2,4,10,0
2187237655,0,1,0,0,0,27,1,5,7,12,295.73712
2187247700,1,0,1,0,0,35,1,4,6,10,142.11734
2187263523,1,1,0,0,0,23,1,1,3,10,260.40686
2187263572,0,0,1,0,0,25,1,0,2,10,142.23404
2187273625,1,0,1,0,0,30,1,6,8,7,254.32903
2187275074,1,0,1,0,0,22,1,1,3,12,125.76908
2187279390,0,0,1,0,0,32,1,3,5,10,217.31331
2187780523,0,0,0,1,1,44,0,1,2,9,168.9507
2187783362,0,0,0,1,1,52,0,1,2,6,114.76347
2187803563,1,0,0,1,1,36,1,4,6,10,74.874138
2189221805,0,0,1,0,0,26,1,5,7,10,116.83594
2267208801,1,0,1,0,0,26,1,3,5,11,202.80339
2267208817,1,0,1,0,0,27,1,4,6,10,234.38036
2267216002,0,1,0,0,0,36,0,2,3,10,162.37108
2267285151,0,1,0,0,0,44,1,6,9,9,102.73479
2267306772,1,1,0,0,0,59,1,5,7,12,83.197945
2268236171,0,0,1,0,0,26,1,2,4,6,127.75156
2268241920,0,0,1,0,0,27,1,3,5,8,146.92577
2268252007,1,1,0,0,0,21,1,3,5,10,121.12576
2269201601,0,1,0,0,0,25,1,2,4,9,135.00957
2269267867,1,0,1,0,0,30,0,4,5,7,189.36458
2269270728,0,1,0,0,0,24,1,5,7,9,238.03342
2269279413,0,1,0,0,0,30,0,1,2,10,76.743744
2269306774,1,0,1,0,0,22,1,2,4,10,385.01904
2271240483,1,1,0,0,0,24,1,0,3,5,193.00046
2272185763,1,1,0,0,0,40,0,2,3,10,91.910301
2272211704,1,1,0,0,0,19,1,2,4,10,214.82063
2272220328,0,1,0,0,0,24,1,3,5,10,149.82188
2272316800,1,1,0,0,0,19,1,2,4,9,356.16431
2274200192,1,0,1,0,0,28,1,2,4,10,171.67523
2274217466,1,1,0,0,0,28,1,9,12,8,138.39377
2274218883,0,0,1,0,0,30,1,5,7,10,140.85747
2274226089,1,1,0,0,0,47,1,1,7,7,208.29897
2274277979,1,1,0,0,0,25,1,3,5,10,191.82866
2275247731,1,0,1,0,0,56,1,0,2,7,183.08885
2275257769,1,1,0,0,0,46,0,0,1,8,108.44884
2276246248,1,0,1,0,0,24,1,2,4,9,289.36533
2276318283,0,0,1,0,0,26,1,2,4,13,43.760471
2276322568,0,0,1,0,0,20,1,6,8,8,66.886284
2277257800,1,1,0,0,0,19,1,2,4,12,134.45285
2277267875,1,1,0,0,0,76,0,0,1,5,32.509296
2277316838,0,1,0,0,0,21,1,2,4,9,175.88116
2278201602,0,0,1,0,0,57,1,4,7,1,95.537781
2278210287,1,0,1,0,0,43,1,3,5,10,99.193291
2279180002,1,1,0,0,0,25,1,1,3,10,135.3661
2279229011,1,0,1,0,0,30,1,3,5,10,335.1998
2280207410,0,1,0,0,0,40,0,1,3,5,72.873749
2280218927,1,1,0,0,0,27,1,2,4,9,329.8251
2280227535,1,0,1,0,0,27,1,7,10,9,190.83191
2281243404,1,1,0,0,0,34,1,6,10,8,514.60016
2281308172,0,0,1,0,0,43,1,2,6,10,137.11522
2281309600,1,1,0,0,0,23,1,3,5,10,108.72987
2282188691,1,0,1,0,0,34,1,2,4,14,145.78867
2282216034,0,0,1,0,0,31,1,4,6,9,0
2282247692,1,1,0,0,0,26,1,3,5,9,261.23471
2282267899,0,0,1,0,0,25,1,7,9,7,162.03932
2283207362,1,1,0,0,0,45,0,6,7,8,144.8228
2283207417,1,1,0,0,0,37,1,5,7,10,199.47906
2283228978,0,0,1,0,0,29,1,4,6,9,162.25667
2283318269,0,0,1,0,0,61,1,4,6,6,159.18706
2285200169,1,1,0,0,0,26,1,1,3,8,173.30823
2287236162,1,1,0,0,0,30,0,3,4,1,121.24245
2287237609,0,0,1,0,0,25,1,4,6,12,216.53925
2287239094,1,1,0,0,0,22,1,2,4,9,164.58461
2287240480,0,1,0,0,0,48,0,5,8,8,329.89185
2287241971,0,0,1,0,0,25,1,4,7,6,0
2287250617,0,1,0,0,0,25,1,3,5,9,213.70605
2287253471,1,1,0,0,0,34,1,3,5,10,93.46875
2287259226,1,1,0,0,0,27,1,2,4,10,211.13406
2287266459,0,1,0,0,0,22,1,4,7,9,211.32127
2287269284,0,1,0,0,0,39,1,4,6,10,394.34036
2287272216,0,1,0,0,0,49,1,4,7,8,265.56305
2287273608,1,0,1,0,0,32,0,3,4,6,361.48978
2287273642,1,0,1,0,0,25,1,2,4,3,431.42316
2287322562,0,1,0,0,0,22,1,2,4,10,166.16824
2289220334,1,0,1,0,0,29,1,3,5,9,58.909485
2365191535,1,1,0,0,0,38,0,4,6,10,52.444618
2365252056,1,1,0,0,0,22,1,1,3,1,246.95511
2365306740,1,0,1,0,0,81,0,0,2,1,97.358574
2366195889,1,0,1,0,0,24,1,2,4,8,174.40738
2366250579,0,0,1,0,0,49,1,5,7,13,160.19489
2366770404,1,0,0,1,1,30,1,3,5,13,120.31394
2366810741,0,0,0,1,1,33,1,5,7,10,176.48747
2366830911,0,0,0,1,1,42,1,4,6,10,256.16013
2367180018,0,1,0,0,0,33,0,3,4,12,279.77975
2367237632,0,1,0,0,0,29,1,5,7,9,147.58658
2367244834,0,0,1,0,0,37,1,6,8,14,251.11034
2367270736,0,1,0,0,0,39,1,0,2,9,89.840126
2367306730,1,1,0,0,0,26,1,3,5,9,338.93481
2368230420,1,1,0,0,0,20,1,3,5,10,0
2368277953,1,1,0,0,0,72,0,0,1,5,108.26581
2368309632,0,0,1,0,0,72,1,0,3,9,106.2719
2368774737,0,0,0,1,1,51,0,4,7,4,169.45596
2368858290,0,0,0,1,1,33,1,3,5,9,65.373215
2369231885,0,1,0,0,0,24,1,4,6,8,248.41745
2369260656,0,0,1,0,0,21,1,3,5,9,123.08955
2369263543,1,0,1,0,0,21,1,1,3,9,0
2369267856,1,1,0,0,0,27,1,2,4,8,175.09949
2369275055,1,0,1,0,0,29,1,2,4,8,253.47183
2369308190,1,1,0,0,0,32,0,3,5,14,277.80908
2369825175,1,0,0,1,1,37,0,0,1,12,132.29268
2370239040,0,1,0,0,0,30,1,3,5,10,158.51404
2370805013,0,0,0,1,1,37,0,0,2,14,90.80143
2370806401,1,0,0,1,1,33,1,4,6,10,145.19838
2371256359,1,0,1,0,0,21,1,2,4,10,98.465927
2371876999,0,0,0,1,1,34,1,3,5,10,147.8806
2372240506,1,0,1,0,0,29,1,2,4,9,170.2796
2372240519,1,1,0,0,0,26,1,4,6,10,269.60483
2372316852,0,1,0,0,0,30,1,6,8,4,240.81586
2374185813,1,0,1,0,0,36,1,3,5,10,139.63229
2374191565,1,1,0,0,0,39,0,6,7,9,187.35161
2374244800,0,1,0,0,0,78,1,1,3,5,320.46066
2374247681,1,0,1,0,0,30,1,1,3,11,211.74379
2374256343,0,0,1,0,0,22,1,1,3,16,99.438293
2374269325,0,0,1,0,0,32,1,3,5,9,79.39772
2374276502,0,1,0,0,0,37,1,6,9,4,199.61824
2374280837,0,0,1,0,0,30,1,0,2,9,148.54828
2374282257,0,1,0,0,0,38,1,4,6,10,157.57027
2374812195,1,0,0,1,1,66,0,0,1,1,11.657664
2374830927,0,0,0,1,1,35,1,3,5,9,158.33749
2374842451,0,0,0,1,1,26,1,2,4,10,247.07141
2374856808,0,0,0,1,1,36,1,3,5,10,182.45512
2374861153,1,0,0,1,1,27,1,4,6,10,145.08533
2374872652,1,0,0,1,1,47,0,0,1,1,165.31978
2374876968,1,0,0,1,1,39,0,4,6,7,145.67503
2374895722,1,0,0,1,1,22,1,2,4,11,113.29921
2375197288,1,1,0,0,0,40,1,8,10,9,337.35425
2376228985,0,1,0,0,0,19,1,1,3,9,161.03339
2376230420,0,0,1,0,0,58,1,3,5,8,148.88191
2377187229,1,1,0,0,0,18,1,3,4,9,116.58503
2377231884,0,1,0,0,0,23,1,3,5,9,144.94063
2377243391,1,0,1,0,0,21,0,1,3,10,150.93913
2377279377,0,1,0,0,0,24,1,4,6,8,81.138824
2377279395,1,1,0,0,0,58,0,1,4,9,78.222496
2377823736,1,0,0,1,1,29,1,5,7,10,242.25114
2377843894,1,0,0,1,1,60,0,1,4,6,268.60977
2377845335,1,0,0,1,1,31,1,4,6,14,158.866
2377856817,0,0,0,1,1,59,1,0,2,5,42.398785
2378312490,0,0,1,0,0,25,1,2,4,9,199.70592
2380200164,0,1,0,0,0,69,1,3,6,7,116.35929
2380231888,1,1,0,0,0,76,0,1,2,1,55.880672
2380252016,1,1,0,0,0,20,1,2,4,9,225.01633
2380254936,1,0,1,0,0,24,1,7,8,10,331.4743
2380774723,1,0,0,1,1,24,1,3,5,10,174.91835
2380826616,1,0,0,1,1,43,0,0,1,6,61.40369
2380862619,1,0,0,1,1,54,0,0,1,14,60.528564
2382188691,1,0,1,0,0,25,1,3,5,9,212.33177
2382190139,1,0,1,0,0,24,1,2,4,11,208.33136
2382311062,1,0,1,0,0,32,1,0,2,1,118.51755
2382319733,1,0,1,0,0,28,1,7,9,10,331.87088
2382871200,0,0,0,1,1,35,1,7,9,5,274.86948
2383250573,0,0,1,0,0,56,1,0,2,12,183.37752
2383254884,1,0,1,0,0,21,1,2,4,10,181.98035
2383308203,1,1,0,0,0,27,1,5,7,10,283.16129
2383874124,0,0,0,1,1,73,0,0,1,6,28.508503
2386773330,0,0,0,1,1,27,1,3,5,10,88.109322
2387840962,0,0,0,1,1,43,1,4,6,12,213.34149
2387874089,0,0,0,1,1,51,1,1,3,12,107.76208
2390843865,0,0,0,1,1,37,1,2,4,10,77.574638
2465249135,1,0,1,0,0,37,1,4,7,9,54.753502
2465845299,1,0,0,1,1,33,0,4,5,10,102.29819
2466185819,0,0,1,0,0,39,1,0,4,12,138.92267
2467195891,1,0,1,0,0,46,0,5,7,9,120.95227
2467197292,1,1,0,0,0,23,1,3,5,9,151.75517
2467230423,0,1,0,0,0,28,1,4,6,10,94.145592
2467269307,1,1,0,0,0,54,1,5,8,9,306.84686
2467804960,1,0,0,1,1,20,1,2,4,10,121.61691
2469190107,0,0,1,0,0,32,1,5,7,8,96.022438
2469892848,0,0,0,1,1,25,1,2,4,10,91.199898
2471770455,1,0,0,1,1,52,1,5,8,11,118.66436
2471786250,1,0,0,1,1,48,1,4,8,8,130.79562
2472253484,0,0,1,0,0,28,1,5,7,10,189.56288
2473876992,0,0,0,1,1,22,1,2,4,10,92.486855
2474229011,0,0,1,0,0,21,1,1,3,10,432.8089
2474231882,1,1,0,0,0,41,0,3,4,10,298.42316
2474250581,0,1,0,0,0,28,1,0,2,9,0
2474770439,0,0,0,1,1,31,1,3,5,12,335.13116
2474845295,1,0,0,1,1,38,1,11,13,10,188.89021
2475230413,1,1,0,0,0,26,0,4,6,10,0
2476191575,1,1,0,0,0,30,0,8,10,14,169.46245
2476786240,1,0,0,1,1,30,0,3,5,13,139.58731
2476894289,0,0,0,1,1,25,1,5,7,9,181.23677
2477187233,1,1,0,0,0,32,1,4,6,14,113.10818
2477227545,0,1,0,0,0,42,1,5,9,9,368.7825
2477843882,0,0,0,1,1,20,1,3,5,7,216.18614
2477874129,1,0,0,1,1,63,0,1,2,1,47.669365
2479246284,1,1,0,0,0,36,1,6,11,10,183.96817
2480207398,1,1,0,0,0,49,0,2,5,4,46.864403
2481807883,1,0,0,1,1,20,1,5,7,8,180.46349
2482771887,1,0,0,1,1,27,1,5,7,10,132.36322
2482806450,0,0,0,1,1,22,1,2,4,10,38.908958
2483257791,1,1,0,0,0,33,0,5,8,7,235.89763
2484228974,0,1,0,0,0,36,0,7,10,10,88.601219
2487198762,0,1,0,0,0,40,0,6,8,10,270.54913
2487226084,1,0,1,0,0,26,1,3,5,10,155.47339
2487773311,0,0,0,1,1,24,1,5,7,9,130.2919
2565787687,0,0,0,1,1,63,0,2,4,1,71.533409
2565852498,1,0,0,1,1,78,0,0,4,1,167.57608
2566776217,1,0,0,1,1,23,1,2,4,12,92.522316
2566842417,0,0,0,1,1,21,1,2,4,9,130.54814
2568846757,1,0,0,1,1,68,1,1,3,1,191.54764
2568862607,1,0,0,1,1,22,1,1,3,9,139.52818
2568885619,0,0,0,1,1,48,1,2,5,1,202.94907
2569826594,1,0,0,1,1,51,0,2,4,8,111.35143
2569851040,1,0,0,1,1,42,1,3,5,9,148.26152
2569876964,0,0,0,1,1,39,1,3,5,10,226.52025
2572851075,1,0,0,1,1,19,1,2,4,8,152.0831
2574774748,1,0,0,1,1,34,1,2,4,14,92.211159
2574781939,1,0,0,1,1,37,0,2,3,9,116.38409
2574823697,1,0,0,1,1,23,1,3,5,8,205.36147
2574825157,0,0,0,1,1,28,0,4,5,10,131.17351
2574826587,1,0,0,1,1,24,0,1,4,10,221.17798
2574875531,0,0,0,1,1,23,1,3,5,8,141.80658
2576780527,0,0,0,1,1,25,1,1,3,7,105.4574
2576875549,0,0,0,1,1,25,1,2,4,10,231.80302
2577786271,1,0,0,1,1,28,1,4,8,10,264.63113
2577843882,1,0,0,1,1,44,1,2,4,8,229.83008
2580790618,0,0,0,1,1,81,0,1,2,1,47.758217
2580861128,0,0,0,1,1,22,1,3,5,10,201.60109
2583852512,1,0,0,1,1,39,1,2,4,10,268.63568
2584777624,0,0,0,1,1,22,1,3,5,9,108.9579
2666810741,1,0,0,1,1,23,1,4,6,10,132.09439
2667804968,1,0,0,1,1,21,1,1,3,7,86.562698
2669805012,1,0,0,1,1,40,1,5,7,9,238.0723
2669864011,1,0,0,1,1,28,1,6,8,8,156.77255
2672856816,1,0,0,1,1,20,1,2,4,9,251.06648
2672875565,0,0,0,1,1,36,1,5,8,12,181.32487
2674800676,1,0,0,1,1,29,0,4,5,8,135.69843
2674810767,1,0,0,1,1,41,1,6,10,6,205.52563
2674843855,1,0,0,1,1,27,1,3,5,8,319.78879
2674855369,1,0,0,1,1,64,0,0,1,7,26.94586
2676845320,0,0,0,1,1,27,1,4,6,9,218.70589
2676861163,0,0,0,1,1,35,1,8,10,8,456.52579
2677802110,1,0,0,1,1,29,0,9,10,8,238.72433
2677812187,1,0,0,1,1,44,0,4,6,8,261.97141
2677826567,0,0,0,1,1,31,1,1,3,4,127.16586
2677858248,1,0,0,1,1,26,1,3,5,9,165.90588
2677865472,1,0,0,1,1,20,1,2,4,10,138.03151
2677872691,1,0,0,1,1,27,1,6,8,7,129.83699
2677875551,0,0,0,1,1,49,0,3,6,9,206.83469
2682806444,0,0,0,1,1,32,1,6,9,9,274.73224
2682855367,0,0,0,1,1,24,1,2,4,11,245.36003
2682878437,1,0,0,1,1,33,0,5,6,8,172.32082
2683874116,0,0,0,1,1,22,0,3,5,12,148.91245
2690826589,0,0,0,1,1,84,0,0,1,1,94.867043
2767835249,1,0,0,1,1,20,1,3,5,10,158.94873
2767840980,1,0,0,1,1,24,0,2,3,7,90.736984
2767866934,0,0,0,1,1,17,1,3,4,10,131.71497
2768835244,1,0,0,1,1,46,1,6,9,10,313.12906
2768836689,1,0,0,1,1,25,1,1,3,10,376.52631
2768884163,0,0,0,1,1,40,1,0,2,10,198.27409
2769842444,0,0,0,1,1,21,1,2,2,7,202.09413
2769876999,1,0,0,1,1,27,1,2,4,10,184.85628
2770871242,1,0,0,1,1,39,1,7,12,7,565.04852
2770874119,1,0,0,1,1,20,1,1,3,10,188.76593
2771790611,0,0,0,1,1,52,1,4,6,3,86.728951
2772826560,0,0,0,1,1,34,1,3,5,10,114.65708
2773868366,1,0,0,1,1,19,1,1,3,10,107.30183
2774786274,0,0,0,1,1,33,1,7,9,7,266.5968
2774806415,0,0,0,1,1,61,1,4,6,12,173.44073
2774842441,0,0,0,1,1,58,1,0,4,9,59.315975
2774861145,0,0,0,1,1,17,1,3,4,10,134.69308
2774871215,1,0,0,1,1,52,1,0,2,8,90.294281
2774897138,1,0,0,1,1,42,0,1,2,10,152.10216
2774915898,1,0,0,1,1,30,1,8,10,8,283.97922
2776861137,1,0,0,1,1,40,0,2,3,10,75.29512
2776866910,0,0,0,1,1,19,1,1,3,10,122.63197
2777864010,0,0,0,1,1,25,1,4,6,10,359.29034
2778865478,0,0,0,1,1,68,1,0,2,1,102.93117
2778872659,1,0,0,1,1,33,0,3,5,10,210.35236
2780804969,1,0,0,1,1,39,1,3,6,8,218.9854
2780826603,1,0,0,1,1,34,1,4,6,8,164.91637
2780838123,0,0,0,1,1,49,0,0,1,10,122.65677
2780874111,0,0,0,1,1,33,1,3,5,7,148.42816
2782770426,1,0,0,1,1,,0,0,1,1,47.704449
2782790560,1,0,0,1,1,32,0,4,5,10,153.7632
2782841008,0,0,0,1,1,25,1,3,5,13,135.21623
2784787723,1,0,0,1,1,27,1,3,5,10,111.68547
2786862596,0,0,0,1,1,20,1,2,4,10,221.99019
2786898566,1,0,0,1,1,19,1,1,3,10,255.47755
2787804992,1,0,0,1,1,25,1,1,3,10,149.4295
2787875568,0,0,0,1,1,39,0,2,3,6,127.35269
2965826595,0,0,0,1,1,17,1,1,2,9,119.26723
2965868329,1,0,0,1,1,49,0,2,3,8,55.794498
2966800653,0,0,0,1,1,40,1,3,6,4,176.83524
2967828039,1,0,0,1,1,28,1,0,2,9,109.48869
2972802128,1,0,0,1,1,24,1,1,3,17,44.157043
2972843864,1,0,0,1,1,59,1,2,5,6,239.35352
2972861120,0,0,0,1,1,48,1,4,6,8,80.776566
2972862568,0,0,0,1,1,57,0,0,1,6,38.541752
2972864004,1,0,0,1,1,49,1,0,2,2,111.87499
2972866928,1,0,0,1,1,47,1,4,8,1,182.86617
2973803553,0,0,0,1,1,33,1,2,5,7,93.761215
2974842457,1,0,0,1,1,75,0,1,2,4,42.547882
2974866909,1,0,0,1,1,41,1,5,8,9,74.610649
2974872690,1,0,0,1,1,24,1,3,5,9,96.751892
2974875523,1,0,0,1,1,21,1,3,5,11,182.26405
2975858288,0,0,0,1,1,26,1,4,6,8,82.52301
2975874111,0,0,0,1,1,40,0,0,2,7,84.96154
2975875551,1,0,0,1,1,23,1,3,5,6,162.1949
2975878429,0,0,0,1,1,26,1,4,6,8,136.86125
2976800685,1,0,0,1,1,52,1,2,7,9,152.44803
2976842431,0,0,0,1,1,31,1,1,3,13,119.488
2976876997,1,0,0,1,1,25,0,3,4,9,72.909973
2977881337,1,0,0,1,1,34,1,4,7,9,93.407356
2978855363,1,0,0,1,1,42,0,5,7,3,117.99324
2980826579,1,0,0,1,1,42,1,6,9,8,169.68704
2989828002,1,0,0,1,1,25,1,4,6,9,98.113205
2989868361,1,0,0,1,1,29,0,3,4,9,93.895821
2989871253,1,0,0,1,1,18,1,2,4,8,62.219715
